SMId,Sense,AntiSense,"Efficacy, %","Concentration, nM"
SM1442,GACGUAAACGGCCACAAGUUC,ACUUGUGGCCGUUUACGUCGC,85.5,10
SM2172,AUCUGAAGAAGGAGAAAAATT,UUUUUCUCCUUCUUCAGAUTT,88,0.3
SM2181,AUCUGAAGAAGGAGAAAAATT,UCCUUUCUUUCUUUCGAAUTT,2,0.3
SM2190,CGUACGCGGAAUACUUCGAUU,UCGAAGUAUUCCGCGUACGUG,4.2,50
SM2191,GCAGCACGACUUCUUCAAGUU,CUUGAAGAAGUCGUGCUGCUU,77.3,50
SM2200,UAGUUCUGUGGGGCUGUUUUU,AAACAGCCCCACAGAACUAUU,45.3,17.98
SM2203,UUCUUCGAACGUGUCACGUTT,ACGUGACACGUUCGAAGAATT,26,2
SM2204,CUGGAGCAAGUUGCAAAGCAUUGGAAU,AUUCCAAUGCUUUGCAACUUGCUCCAG,4,2
SM2205,GGCCUUUCACUACUCCUACGA,GUAGGAGUAGUGAAAGGCCAG,88,2
SM2206,GGCCUUUCACUACUCCUACGA,GUAGGAGUAGUGAAAGGCCAG,48,50
SM2208,CUGGCCUUUCACUACUCCUACGAGCAC,GUGCUCGUAGGAGUAGUGAAAGGCCAG,87,2
SM2217,CUGGCCUUUCACUACUCCUACGAGCAC,GUGCUCGUAGGAGUAGUGAAAGGCCAG,83,50
SM2235,GGCCUUUCACUACUCCUACGAGCAC,GUGCUCGUAGGAGUAGUGAAAGGCCAG,83,0.5
SM2239,AAGGAGAUCAACAUUUUCATT,UGAAAAUGUUGAUCUCCUUTT,81,2
SM2264,AAGUAAGGACCAGAGACAAA,UUUGUCUCUGGUCCUUACUU,50,0.95
SM2273,AAGUAAGGACCAGAGACAA,UUGUCUCUGGUCCUUACUU,50,0.4
SM2287,AAGUAAGGACCAGAGACAATT,UUGUCUCUGGUCCUUACUUTT,66,2
SM2289,AAGCAAGGAGAAGCGAUAA,UUAUCGCUUCUCGUUGCUU,0,2
SM2290,GGGUAAAUACAUUCUUCAUTT,AUGAAGAAUGUAUUUACCCTT,62,2
SM2292,GGGAAAGUAUCUUGUUUAU,AUAAACAAGAUACUUUCCC,10,2
SM2314,ACAUGAAGCAGCACGACUUTT,AAGUCGUGCUGCUUCAUGUTT,90,20
SM2315,AUGAAGCAGCACGACUUTT,AAGUCGUGCUGCUUCAUTT,75,20
SM2316,GAAGCAGCACGACUUTT,AAGUCGUGCUGCUUCTT,5,20
SM2320,AGCUUUGUGGAGAUGGUGGTT,CCACCAUCUCCACAAAGCUTT,70,5
SM2323,AUACAGGCAGCAGUAACUUUTT,AAAGUUACUGCUGCCUGUAUTT,62,1
SM2343,AUCUGAAGAAGGAGAAAAATT,UUUUUCUCCUUCUUCAGAUTT,91,0.8
SM2348,CGUGACCGCACACCCAAUATT,UAUUGGGUGUGCGGUCACGGT,26,10
SM2349,ACCUUGAGGCAUACUUCAATT,UUGAAGUAUGCCUCAAGGUCG,90,10
SM2370,CUUCUUCGUCGAGACCAUGTT,CAUGGUCUCGACGAAGAAGTT,35,0.1
SM2377,CUUCUUCGUCGAGACCAUGTT,CAUGGUCUCGACGAAGAAGTT,64,1
SM2384,CUUCUUCGUCGAGACCAUGTT,CAUGGUCUCGACGAAGAAGTT,82,10
SM2410,AAUCAGACAAGUUCUUCAUTT,AUGAAGAACUUGUCUGAUUTT,96,1
SM2416,AAUCAGACAAGUUCUUCAUTT,AUGAAGAACUUGUCUGAUUTT,83,0.1
SM2435,GGAUAUUGUCAGUCUUUAGGUU,CCUAAAGACUGACAAUAUCCUU,62,1
SM2441,GGAUAUUGUCAGUCUUUAGGUU,CCUAAAGACUGACAAUAUCCUU,82,1
SM2447,AUCUGAAGAAGGAGAAAAATT,UUUUUCUCCUUCUUCAGAUTT,50,0.025
SM2478,GGCCUUUCACUACUCCUACGA,GUAGGAGUAGUGAAAGGCCAG,83,1
SM2486,CAGCAAACCACGAUCAAUATT,UAUUGAUCGUGGUUUGCUGTT,71,50
SM2489,CAGAGCAAUUGUUUACCUATT,UAGGUAAACAAUUGCUCUGTT,73,50
SM2492,GGAUUGACCUCUCAUAUAATT,UUAUAUGAGAGGUCAAUCCTT,0,50
SM2497,CGUUAGCAGAAACAAAAGGAG,CUCCUUUUGUUUCUGCUAACG,55.7,47.7
SM2498,CGUGAGCACAAAGAAAAUGAG,CUCAUUUUCUUUGUGCUCACG,54.2,27.7
SM2503,UGGAAUGAACCACUGGAAUUU,AAAUUCCAGUGGUUCAUUCCA,55.3,11.4
SM2505,CGAGGGGAGUACAUCAAGAUU,UCUUGAUGUACUCCCCUCGUU,52.6,20.2
SM2506,CGAGGGGAGUACAUCAAGACC,UCUUGAUGUACUCCCCUCGUU,75.1,23.9
SM2509,GAGGGGAGUACAUCAAGAC,CUUGAUGUACUCCCCUCUG,59.9,34
SM2533,UCUUGAUGUACUCCCCUCGTT,CGAGGGGAGUACAUCAAGATT,74,11.244
SM2539,AAUUCCAGUGGUUCAUUCC,GGAAUGAACCACUGGAAUU,60.9,14.11
SM2544,UGGCCAAUGCCAAGGAGAUUU,AUCUCCUUGGCAUUGGCCAUU,16,0.1
SM2553,UGGCCAAUGCCAAGGAGAUUU,AUCUCCUUGGCAUUGGCCAUU,49,1
SM2562,UGGCCAAUGCCAAGGAGAUUU,AUCUCCUUGGCAUUGGCCAUU,60,5
SM2571,UGGCCAAUGCCAAGGAGAUUU,AUCUCCUUGGCAUUGGCCAUU,90,20
SM2585,CUUACGCUGAGUACUUCGATT,UCGAAGUACUCAGCGUAAGTT,50,0.21
SM2594,CUUACGCUGAGUACUUCGATT,UCGAAGUACUCAGCGUAAGTT,50,0.92
SM2599,CUUACGCUGAGUACUUCGATT,UCGAAGUACUCAGCGUAATT,35,10
SM2601,GCGGAUCAAACCUCACCAATT,UUGGUGAGGUUUGAUCCGCTT,93,17
SM2606,GACGUAAACGGCCACAAGUUC,ACUUGUGGCCGUUUACGUCGC,71,10
SM2613,CGUACGCGGAAUACUUCGAUU,UCGAAGUAUUCCGCGUACGUU,69,25
SM2614,CGUACGCGGAAUACUUCGAUU,TCGAAGUAUUCCGCGUACGUU,75,25
SM2616,TGUACGCGGAAUACUUCGAUU,UCGAAGUAUUCCGCGUACGUU,65,25
SM2618,UUAGUCGAAUGCAAGACAAUT,UUGUCUUGCAUUCGACUAAUT,90,25
SM2622,UUAAGAUCUGUUAUCCGCAUT,UGCGGAUAACAGAUCUUAAUT,89,25
SM2626,UUAAGAUCUGUUAUCCGCAUT,UGCGGAUAACAGAUCUUAAUT,70,25
SM2627,UUAAGAUCUGUUAUCCGCAUT,AGCGGAUAACAGAUCUUAAUT,69,25
SM2628,UUAAGAUCUGUUAUCCGCAUT,UCCGGAUAACAGAUCUUAAUT,76,25
SM2629,UUAAGAUCUGUUAUCCGCAUT,UGGGGAUAACAGAUCUUAAUT,65,25
SM2630,UUAAGAUCUGUUAUCCGCAUT,UGCCGAUAACAGAUCUUAAUT,60,25
SM2631,UUAAGAUCUGUUAUCCGCAUT,UGCGCAUAACAGAUCUUAAUT,61,25
SM2635,CGAUGUGUCUAUUGAAGAUUC,AUCUUCAAUAGACACAUCGGC,3,0.002
SM2637,CGAUGUGUCUAUUGAAGAUUC,AUCUUCAAUAGACACAUCGGC,14,0.02
SM2639,CGAUGUGUCUAUUGAAGAUUC,AUCUUCAAUAGACACAUCGGC,55,0.2
SM2641,CGAUGUGUCUAUUGAAGAUUC,AUCUUCAAUAGACACAUCGGC,68,2
SM2644,CUUACGCUGAGUACUUCGATT,UCGAAGUACUCAGCGUAAGTT,88,25
SM2658,UCGAAGUAUUCCGCGUACGTT,CGUACGCGGAAUACUUCGATT,83,100
SM2662,UCGAAGUAUUCCGCGUACGTT,CGUACGCGGAAUACUUCGATT,80,10
SM2666,UCGAAGUAUUCCGCGUACGTT,CGUACGCGGAAUACUUCGATT,75,1
SM2670,UCGAAGUAUUCCGCGUACGTT,CGUACGCGGAAUACUUCGATT,64,0.1
SM2676,CUAAGGACCUAACAAAGUUUU,AACUUUGUUAGGUCCUUAGUU,0,10
SM2685,CUAAGGACCUAACAAAGUUUUU,AACUUUGUUAGGUCCUUAGUU,51.8,24.1
SM2687,UUCUCCGAACGUGUCACGUUUU,ACGUGACACGUUCGGAGAAUUU,48.5,16.7
SM2706,UCGAAGUAUUCCGCGUACGTT,CGUACGCGGAAUACUUCGATT,78,0.032
SM2713,UCGAAGUAUUCCGCGUACGTT,CGUACGCGGAAUACUUCGATT,74,0.032
SM2720,UCGAAGUAUUCCGCGUACGTT,CGUACGCGGAAUACUUCGATT,75,0.32
SM2727,UCGAAGUAUUCCGCGUACGTT,CGUACGCGGAAUACUUCGATT,72,0.32
SM2741,UCGAAGUAUUCCGCGUACGTT,CGUACGCGGAAUACUUCGATT,67,0.32
SM2748,UCGAAGUAUUCCGCGUACGTT,CGUACGCGGAAUACUUCGATT,77,0.32
SM2755,UCGAAGUAUUCCGCGUACGTT,CGUACGCGGAAUACUUCGATT,69,0.32
SM2762,UCGAAGUAUUCCGCGUACGTT,CGUACGCGGAAUACUUCGATT,66,0.32
SM2769,UCGAAGUAUUCCGCGUACGTT,CGUACGCGGAAUACUUCGATT,70,0.32
SM2821,CUUACGCUGAGUACUUCGATT,TCGAAGUACUCAGCGUAAGTT,50,0.144
SM2827,CUUACGCUGAGUACUUCGAAA,UCGAAGUACUCAGCGUAAGUG,50,0.144
SM2837,AAGUAAGGACCAGAGACAATT,UUGUCUCUGGUCCUUACUUTT,50,0.179
SM2838,AAGUAAGGACCAGAGACAATT,UUGUCUCUGGUCCUUACUUTT,50,0.092
SM2839,AAGUAAGGACCAGAGACAATT,UUGUCUCUGGUCCUUACUUTT,50,0.076
SM2840,AAGUAAGGACCAGAGACAATT,UUGUCUCUGGUCCUUACUUTT,50,0.066
SM2841,AAGUAAGGACCAGAGACAATT,UUGUCUCUGGUCCUUACUUTT,50,0.052
SM2842,AAGUAAGGACCAGAGACAATT,UUGUCUCUGGUCCUUACUUTT,50,0.021
SM2843,AAGUAAGGACCAGAGACAATT,UUGUCUCUGGUCCUUACUUTT,50,0.053
SM2848,CAAGUGUCAUCACACUGAATT,UUCAGUGUGAUGACACUUGTT,61,10
SM2868,CAAGUGUCAUCACACUGAATT,UUCAGUGUGAUGACACUUGTT,81,10
SM2915,GACUUAGACUGACACAAGUUC,CUUGUGUCAGUCUAAGUCGC,60.8,10.8
SM2940,AAGCUGACCCUGAAGUUCAUCUGCACC,GGUGCAGAUGAACUUCAGGGUCAGCUU,82,1.56
SM2946,AAGCUGACCCUGAAGUUCAUCUGCACC,GGUGCAGAUGAACUUCAGGGUCAGCUU,91,1.56
SM2976,GCAGCACGACUUCUUCAAGTT,CUUGAAGAAGUCGUGCUGCTT,93,50
SM3002,GCAGCACGACUUCUUCAAGTT,CUUGAAGAAGUCGUGCUGCTT,35,50
SM3003,GCAGCACGACUUCUUCAAGTT,CUUGAAGAAGUCGUGCUGCTT,77,50
SM3008,GACGUAAACGGCCACAAGUUCU,ACUUGUGGCCGUUUACGUCGCU,89,10
SM3016,GUUCACCUUGAUGCCGUUCUU,GAACGGCAUCAAGGUGAACUU,78,25
SM3031,GUUCACCUUGAUGCCGUUCUU,GAACGGAACUACGGUGAACUU,0,25
SM3033,GUUCACCUUGAUGCCGUUCUU,GCACGACUUCUUCAAGUCCUU,65,25
SM3036,GUUCACCUUGAUGCCGUUCUU,GCACGCUUCUUCAAAGUCCUU,0,25
SM3037,CUUACGCUGAGUACUUCGATT,UCGAAGUACUCAGCGUAAGTT,95,13
SM3038,AUCUGAAGAAGGAGAAAAATT,UUUUUCUCCUUCUUCAGAUTT,90,13
SM3039,UGAGAGAAAGCACAGAAAATT,UUUUCUGUGCUUUCUCUCATT,73,13
SM3041,UCCAGAACAAAACCAAACGGTT,CCGUUUGGUUUGUUCUGGATT,28,13
SM3042,GGACGAGGAAGGCAAUUUATT,UAAAUUGCCUUCCUCAUCCTT,48,13
SM3043,CUGGUACGAUUUCGGUGAUTT,AGCACCGAAAUCGUACCAGTT,0,13
SM3044,ACUGUCAAACCCGGUAAUUTT,AAUUACCGGGUUUGACAGUTT,15,13
SM3089,GCUUGAAGUCUUUAAUUAATT,UUAAUUAAAGACUUCAAGCGG,50,0.16
SM3090,GCUUGAAGUCUUUAAUUAATT,UUAAUUAAAGACUUCAAGCGG,50,0.04
SM3100,GCUUGAAGUCUUUAAUUAAGG,UUAAUUAAAGACUUCAAGCGG,50,0.87
SM3129,CUUCCUCUCUUUCUCUCCCUUGUGA,UCACAAGGGAGAGAAAGAGAGGAAGGA,0,10
SM3130,GCACCAGAGCCAAUGGAACUUGATG,CAUCAAGUUCCAUUGGCUCUGGUGCUU,93,10
SM3147,CUUCCUCUCUUUCUCUCCCUUGUGA,UCACAAGGGAGAGAAAGAGAGGAAGGA,0,1
SM3148,GCACCAGAGCCAAUGGAACUUGATG,CAUCAAGUUCCAUUGGCUCUGGUGCUU,95,1
SM3165,CUUCCUCUCUUUCUCUCCCUUGUGA,UCACAAGGGAGAGAAAGAGAGGAAGGA,0,0.1
SM3166,GCACCAGAGCCAAUGGAACUUGATG,CAUCAAGUUCCAUUGGCUCUGGUGCUU,87,0.1
SM3183,GCCAGACUUUGUUGGAUUUGAAATT,AAUUUCAAAUCCAACAAAGUCUGGCUU,0,0.1
SM3184,ACCCUGAAGUUCAUCUGCACCACCG,CGGUGGUGCAGAUGAACUUCAGGGUCA,34,0.1
SM3189,GCCAGACUUUGUUGGAUUUGAAATT,AAUUUCAAAUCCAACAAAGUCUGGCUU,0,1
SM3190,ACCCUGAAGUUCAUCUGCACCACCG,CGGUGGUGCAGAUGAACUUCAGGGUCA,96,1
SM3195,GCCAGACUUUGUUGGAUUUGAAATT,AAUUUCAAAUCCAACAAAGUCUGGCUU,0,10
SM3196,ACCCUGAAGUUCAUCUGCACCACCG,CGGUGGUGCAGAUGAACUUCAGGGUCA,98,10
SM3202,GCCAGACUUUGUUGGAUUUUGAAATT,AAUUUCAAAUCCAACAAAGUCUGGCUU,81,0.1
SM3205,GCCAGACUUUGUUGGAUUUUGAAATT,AAUUUCAAAUCCAACAAAGUCUGGCUU,93,1
SM3208,GCCAGACUUUGUUGGAUUUUGAAATT,AAUUUCAAAUCCAACAAAGUCUGGCUU,96,10
SM3211,GCCAGUAAUUCAGCAGUUUGAACAA,UUGUUCAAACUGCUGAAUUACUGGCUG,43,0.01
SM3215,GCAUUCCAGAGAAAGCGUUUAAUTT,AAAUUAAACGCUUUCUCUGGAAUGCCU,54,0.01
SM3217,GCCAGUAAUUCAGCAGUUUGAACAA,UUGUUCAAACUGCUGAAUUACUGGCUG,78,0.05
SM3221,GCAUUCCAGAGAAAGCGUUUAAUTT,AAAUUAAACGCUUUCUCUGGAAUGCCU,83,0.05
SM3223,GCCAGUAAUUCAGCAGUUUGAACAA,UUGUUCAAACUGCUGAAUUACUGGCUG,89,0.025
SM3227,GCAUUCCAGAGAAAGCGUUUAAUTT,AAAUUAAACGCUUUCUCUGGAAUGCCU,87,0.025
SM3229,GUGGGAGCGCGUGAUGAACTT,GUUCAUCACGCGCUCCCACTT,0,50
SM3230,GCAGCACGACUUCUUCAAGTT,CUUGAAGAAGUCGUGCUGCTT,80,50
SM3234,GCAGCACGACUUCUUCAAGTT,CUUGAAGAAGUCGUGCUGCTT,77,20
SM3235,GUGGGAGCGCGUGAUGAACTT,GUUCAUCACGCGCUCCCACTT,0,20
SM3248,GCAGCACGACUUCUUCAAGTT,CUUGAAGAAGUCGUGCUGCTT,52,5
SM3249,GUGGGAGCGCGUGAUGAACTT,GUUCAUCACGCGCUCCCACTT,0,5
SM3262,GCAGCACGACUUCUUCAAGTT,CUUGAAGAAGUCGUGCUGCTT,26,2
SM3263,GUGGGAGCGCGUGAUGAACTT,GUUCAUCACGCGCUCCCACTT,0,2
SM3276,GUAUUGACAGCUAUUCGAATT,UUCGAAUAGCUGUCAAUACTT,36,50
SM3307,GCACGAAUCCUAAACCUCAUU,UGAGGUUUAGGAUUCGUGCUU,89,20
SM3308,GCACGAAUCCUAAACCUCACAAUAUGAGGUUUAGGAUUCGUGCUU,0,53,20
SM3310,UUUUUCUUUGAGGUUUAGGUUCCUAAACCUCAAAGAAAAAUU,0,90,20
SM3311,UGAGGUUUAGGAUUCGUGUUCACGAAUCCUAAACCUCA,0,79.8,16
SM3312,AUUCGUGCUCAUGGUGCACUUGUGCACCAUGAGCACGAAUUU,0,74,20
SM3314,UGAGGUUUAGGAUUCGUGCUUGCACGAAUCCUAAACCUCAUU,0,79.8,16
SM3321,UGAGGUUUAGGAUUCGUGCTTGCACGAAUCCUAAACCUCA,0,95,20
SM3337,ACGAAUCCUAAACCUCA,UGAGGUUUAGGAUUCGUGC,95,20
SM3350,AGACGAGCUGAGCGAGAAGTT,TTUCUGCUCGACUCGCUCUUC,68.3,11.9
SM3369,CUUACGCUGAGUACUUCGAUU,UUUGAAUGCGACUCAUGAAGCU,61.8,13.44
SM3372,GUGGUAUUGUUCCUCCUAATT,UUAGGAGGAACAAUACCACTT,50,22.8
SM3375,GUGAUCAGACUCAAUACGAAU,AUUCGUAUUGAGUCUGAUCACAC,50,22.8
SM3377,GUCAUCACACUGAAUACCAAU,AUUGGUAUUCAGUGUGAUGACAC,50,22.8
SM3381,UUGAUGUGUUUAGUCGCUAUU,UAGCGACUAAACACAUCAAUU,50,22.8
SM3383,TTAUCUCCAUGCACGACUCCG,UAGAGGUACGUGCUGAGGCTT,34,37.5
SM3388,GGACCACCGCAUCUCUACATT,GGACCACCGCAUCUCUACATT,43.8,14.4
SM3405,CGAUGUGUCUAUUGAAGAUUC,CGGCUACACAGAUAACUUCUA,55.4,9.002
SM3440,AGCGCUUAAAGGGCGAGAAGAUU,UCUUCUCGCCCUUUAAGCGCUUU,84,13
SM3458,AGCGCUUAAAGGGCGAGAAGAUU,UCUUCUCGCCCUUUAAGCGCUUU,85,13
SM3465,AACCCACCACAGCUAGAACUU,AAGUUCUAGCUGUGGUGGGUU,86,13
SM3483,AACCCACCACAGCUAGAACUU,AAGUUCUAGCUGUGGUGGGUU,78,13
SM3503,AGAAGGACUACUAACCUCCTT,GGAGGUUAGUAGUCCUUCUTT,83,13
SM3507,GGACUACUAACCUCCAGUUTT,AACUGGAGGUUAGUAGUCCTT,69,13
SM3511,GAAACUGGUACUUUCCCCCTT,GGGGGAAAGUACCAGUUUCTT,69,13
SM3515,UUUCCCCCAGGUAACGAUUTT,AAUCGUUACCUGGGGGAAATT,70,13
SM3519,CCCCAGGUAACGAUUUUCUTT,AGAAAAUCGUUACCUGGGGTT,86,13
SM3523,GGGAAACUGAAAGGCUAUGTT,CAUAGCCUUUCAGUUUCCCTT,57,13
SM3527,GCGAGCAGAGAAUCUACCUTT,AGGUAGAUUCUCUGCUCGCTT,97,13
SM3531,GCAGAGAAUCUACCUUUCCTT,GGAAAGGUAGAUUCUCUGCTT,79,13
SM3535,ACCUUUCCACUUCUAAGCCTT,GGCUUAGAAGUGGAAAGGUTT,84,13
SM3539,CUAAGCCUGUUUCUUCCUCTT,GAGGAAGAAACAGGCUUAGTT,90,13
SM3543,GAAGAUAGGAAGGGGCUUCTT,GAAGCCCCUUCCUAUCUUCTT,55,13
SM3547,AAUAAGCAGCUCGCGCUCCTT,GGAGCGCGAGCUGCUUAUUTT,73,13
SM3551,UAGCCAGAGCCAAAGAAGCTT,GCUUCUUUGGCUCUGGCUATT,93,13
SM3555,AACAGUCCUUAGCUACGCUTT,AGCGUAGCUAAGGACUGUUTT,49,13
SM3559,CUAGAGGAUCUUGAAGACCTT,GGUCUUCAAGAUCCUCUAGTT,72,13
SM3563,AUCGACCUGAAGGAGUACGTT,CGUACUCCUUCAGGUCGAUTT,52,13
SM3567,GAUAGGAAGGGGCUUCAGCTT,GCUGAAGCCCCUUCCUAUCTT,53,13
SM3571,AGUCCCUGGAGCCUUAAACTT,GUUUAAGGCUCCAGGGACUTT,72,13
SM3575,AGCCACAUUUCUAGGAGAUTT,AUCUCCUAGAAAUGUGGCUTT,39,13
SM3579,GAUUCCAAACCCCACUAUCTT,GAUAGUGGGGUUUGGAAUCTT,73,13
SM3583,GAUACUUCUGGUUCCCUCCTT,GGAGGGAACCAGAAGUAUCTT,53,13
SM3587,AGAGAAGGGCGUCUCUACATT,UGUAGAGACGCCCUUCUCUTT,83,13
SM3591,AGUUUCUAGGGCCGUGGCCTT,GGCCACGGCCCUAGAAACUTT,90,13
SM3595,GAAGAGUUAACCCGGGACUTT,AGUCCCGGGUUAACUCUUCTT,62,13
SM3599,CCGCCCGGCGGCGCCUUUATT,UAAAGGCGCCGCCGGGCGGTT,95,13
SM3603,ACCGACGAUUCUUCUACUCTT,GAGUAGAAGAAUCGUCGGUTT,73,13
SM3607,GGUAGAAUAGGUUUUCCCCTT,GGGGAAAACCUAUUCUACCTT,54,13
SM3611,UCCCUUCCACCGCCAUAUUTT,AAUAUGGCGGUGGAAGGGATT,58,13
SM3615,CGAGUGUCUAACGGGAGCCTT,GGCUCCCGUUAGACACUCGTT,70,13
SM3619,GACCACGAAGAGUUAACCCTT,GGGUUAACUCUUCGUGGUCTT,91,13
SM3623,AGUUAACCCGGGACUUGGATT,UCCAAGUCCCGGGUUAACUTT,97,13
SM3627,AUCACAAACCCCUAGAGGGTT,CCCUCUAGGGGUUUGUGAUTT,35,13
SM3631,AAACCCCUAGAGGGCAAGUTT,ACUUGCCCUCUAGGGGUUUTT,81,13
SM3635,UCCGGCUAACUCUGAGGACTT,GUCCUCAGAGUUAGCCGGATT,95,13
SM3639,CGACGAUUCUUCUACUCAATT,UUGAGUAGAAGAAUCGUCGTT,72,13
SM3643,UAAACUUUGGGGAAGGGAGTT,CUCCCUUCCCCAAAGUUUATT,73,13
SM3647,AGCGGGGUAUGAAGAGCUUTT,AAGCUCUUCAUACCCCGCUTT,95,13
SM3651,CUCCCCAGUCUCUCUUAAATT,UUUAAGAGAGACUGGGGAGTT,72,13
SM3655,GAAUAACCUGAACGUCACCTT,GGUGACGUUCAGGUUAUUCTT,59,13
SM3659,ACGUCACCGAGGAGAAGUATT,UACUUCUCCUCGGUGACGUTT,65,13
SM3663,AGAAGUACCAGGAGGCGUUTT,AACGCCUCCUGGUACUUCUTT,75,13
SM3667,AGCCCAGAUAGCUCUUCAGTT,CUGAAGAGCUAUCUGGGCUTT,72,13
SM3671,AAACCUCAGCCCUAACGGUTT,ACCGUUAGGGCUGAGGUUUTT,94,13
SM3675,UUAAGGAGAAGCUGACGGCTT,GCCGUCAGCUUCUCCUUAATT,73,13
SM3679,AAGGAACGGGGACACUUACTT,GUAAGUGUCCCCGUUCCUUTT,44,13
SM3683,GGAGCACGCUUACUACCUUTT,AAGGUAGUAAGCGUGCUCCTT,77,13
SM3687,GGCGGGCUCUUUCCUAUUCTT,GAAUAGGAAAGAGCCCGCCTT,77,13
SM3691,CCGAGAGCUCUCCUACCUUTT,AAGGUAGGAGAGCUCUCGGTT,80,13
SM3695,CUCUCCUACCUUCUCCUCUTT,AGAGGAGAAGGUAGGAGAGTT,83,13
SM3699,CUACCUUCUCCUCUUCUCCTT,GGAGAAGAGGAGAAGGUAGTT,75,13
SM3703,AGCCUCCAAACUCCUAGCUTT,AGCUAGGAGUUUGGAGGCUTT,43,13
SM3707,UCCUAGCUGUCUUGUCCCUTT,AGGGACAAGACAGCUAGGATT,75,13
SM3711,AUACUUGGCGGGCUCUUUCTT,GAAAGAGCCCGCCAAGUAUTT,53,13
SM3715,GGGGCUCUUCUACAUUCCCTT,GGGAAUGUAGAAGAGCCCCTT,77,13
SM3719,GAGUAUUUCCGCUGGAACUTT,AGUUCCAGCGGAAAUACUCTT,87,13
SM3723,GCUGAGGAAAGGGACAUCUTT,AGAUGUCCCUUUCCUCAGCTT,85,13
SM3727,GUACUCUGAUGAGGAAGAGTT,CUCUUCCUCAUCAGAGUACTT,75,13
SM3731,GGCCAAAGUAAUCGUGGUUTT,AACCACGAUUACUUUGGCCTT,93,13
SM3735,GUCUAUGCCAAGAAGGGAGTT,CUCCCUUCUUGGCAUAGACTT,81,13
SM3739,UCUACACCGCGCCCCCCUCTT,GAGGGGGGCGCGGUGUAGATT,84,13
SM3743,CGCCCCCCUCAAGCUACCGTT,CGGUAGCUUGAGGGGGGCGTT,81,13
SM3747,GCUACCGCAACCACGAGCUTT,AGCUCGUGGUUGCGGUAGCTT,47,13
SM3751,CUCCUUCAUUCCAGCCUAUTT,AUAGGCUGGAAUGAAGGAGTT,84,13
SM3755,AGAAAAGCAGCGAUACGCUTT,AGCGUAUCGCUGCUUUUCUTT,78,13
SM3759,GGAGCUAGACGGGUACGAGTT,CUCGUACCCGUCUAGCUCCTT,93,13
SM3763,CGGGUACGAGCCGGAACCUTT,AGGUUCCGGCUCGUACCCGTT,70,13
SM3767,ACGGCUCGCUACCCUCGACTT,GUCGAGGGUAGCGAGCCGUTT,87,13
SM3771,AGAGGACCUAGAAGGCGGCTT,GCCGCCUUCUAGGUCCUCUTT,97,13
SM3775,AACUCUACUGUGGAGUCGGTT,CCGACUCCACAGUAGAGUUTT,77,13
SM3779,AGAAACGCAGUAAUCCGGATT,UCCGGAUUACUGCGUUUCUTT,86,13
SM3783,AGUAAUCCGGACUCAACUCTT,GAGUUGAGUCCGGAUUACUTT,72,13
SM3787,GAGGAAGAUGAGUUGUACCTT,GGUACAACUCAUCUUCCUCTT,81,13
SM3791,AGAUGUUCUCGUAAGGACGTT,CGUCCUUACGAGAACAUCUTT,62,13
SM3795,UCUCGUAAGGACGAAACGATT,UCGUUUCGUCCUUACGAGATT,58,13
SM3799,GCUGUAACCUCGGAGAGUUTT,AACUCUCCGAGGUUACAGCTT,71,13
SM3803,CCUCGGAGAGUUCUACUCUTT,AGAGUAGAACUCUCCGAGGTT,87,13
SM3807,GCAAGUGGCAAGAGGAUUATT,UAAUCCUCUUGCCACUUGCTT,71,13
SM3811,AUGGGAGAAGUAGUCCCCCTT,GGGGGACUACUUCUCCCAUTT,86,13
SM3815,AAGUAGUCCCCCUUGAAGATT,UCUUCAAGGGGGACUACUUTT,75,13
SM3819,GGUAGGGUUGAAGAGACUUTT,AAGUCUCUUCAACCCUACCTT,97,13
SM3823,AGCGCUUAAAGGGCGAGAAGATT,UCUUCUCGCCCUUUAAGCGCUTT,86,13
SM3827,GGCCUUUCUCUCUAGAUAUTT,AUAUCUAGAGAGAAAGGCCTT,91,13
SM3831,GCCUCUCUAUCCUUAGCUUTT,AAGCUAAGGAUAGAGAGGCTT,49,13
SM3835,AAGGACCUAGAGGAGUCACTT,GUGACUCCUCUAGGUCCUUTT,90,13
SM3839,CUGACCGGAAGCGCUUAAATT,UUUAAGCGCUUCCGGUCAGTT,87,13
SM3843,UUAAAGGGCGAGAAGACCGTT,CGGUCUUCUCGCCCUUUAATT,89,13
SM3847,GAAGAGCCUACACAACCCUTT,AGGGUUGUGUAGGCUCUUCTT,77,13
SM3851,CUAGAGGAUCUUGAAGACCTT,GGUCUUCAAGAUCCUCUAGTT,83,13
SM3855,ACAUAGAGGAAGACGCGGATT,UCCGCGUCUUCCUCUAUGUTT,91,13
SM3859,AUCGUCGUCAGGGUAAGGUTT,ACCUUACCCUGACGACGAUTT,50,13
SM3863,CUCUGGCCUUUCUCUCUAGTT,CUAGAGAGAAAGGCCAGAGTT,48,13
SM3867,GACAAGGGAAGGUUAGCCUTT,AGGCUAACCUUCCCUUGUCTT,73,13
SM3871,AGACUAAGCCCAAAAGGGCTT,GCCCUUUUGGGCUUAGUCUTT,48,13
SM3875,CCUCCCCAUCCCCUUUUAATT,UUAAAAGGGGAUGGGGAGGTT,81,13
SM3879,AUCAGAGGGAGGUCUUAGATT,UCUAAGACCUCCCUCUGAUTT,73,13
SM3883,GGGAGGUCUUAGAAAACACTT,GUGUUUUCUAAGACCUCCCTT,84,13
SM3887,GGCUUAGUCACUCCUCUUCTT,GAAGAGGAGUGACUAAGCCTT,71,13
SM3891,ACCUUAAGGACCACCGGAUTT,AUCCGGUGGUCCUUAAGGUTT,77,13
SM3895,CGGAUCUACACCUUCAAGATT,UCUUGAAGGUGUAGAUCCGTT,73,13
SM3899,UACCGAGAAUGAGCCUGAUTT,AUCAGGCUCAUUCUCGGUATT,57,13
SM3903,GCUUUAAGGAACUGGAAGGTT,CCUUCCAGUUCCUUAAAGCTT,38,13
SM3907,UCCUCGUCGUCUGUUCUAATT,UUAGAACAGACGACGAGGATT,86,13
SM3911,UUCUAACCGGGCAGCUUCUTT,AGAAGCUGCCCGGUUAGAATT,73,13
SM3915,GAGGAUGGAUUCGACUUAGTT,CUAAGUCGAAUCCAUCCUCTT,95,13
SM3919,UAAAGCUGGAAAGGGACGGTT,CCGUCCCUUUCCAGCUUUATT,67,13
SM3923,GGAAGUAAGGACCAGAGACTT,GUCUCUGGUCCUUACUUCCTT,45,13
SM3927,AAGGCCAACCGAUACUUCUTT,AGAAGUAUCGGUUGGCCUUTT,70,13
SM3931,GUUCACGUCCUACCCCUUUTT,AAAGGGGUAGGACGUGAACTT,67,13
SM3935,AGAGUUGGGAUUAGGGCUUTT,AAGCCCUAAUCCCAACUCUTT,71,13
SM3939,UUACAAAGGAUCUCCUCCCTT,GGGAGGAGAUCCUUUGUAATT,81,13
SM3943,AACAGCCUUACCCCGAUUCTT,GAAUCGGGGUAAGGCUGUUTT,70,13
SM3947,UUACCCCGAUUCAGCCUCUTT,AGAGGCUGAAUCGGGGUAATT,84,13
SM3951,UAACCCCAAGAACGGGCUUTT,AAGCCCGUUCUUGGGGUUATT,75,13
SM3955,CUAGUCGAAAGAAAACGGGTT,CCCGUUUUCUUUCGACUAGTT,57,13
SM3959,AGGACGGUACUUUCGAAAGTT,CUUUCGAAAGUACCGUCCUTT,46,13
SM3963,GUAUCCGAAGACGAAGCUATT,UAGCUUCGUCUUCGGAUACTT,97,13
SM3967,AGAGAGGUGGAGGUAUCUCTT,GAGAUACCUCCACCUCUCUTT,91,13
SM3971,GAAAACGCUUGUAAAGCCGTT,CGGCUUUACAAGCGUUUUCTT,58,13
SM3975,GCUGAACUAGUCGAAAGAATT,UUCUUUCGACUAGUUCAGCTT,81,13
SM3979,GGAAGAAGAUAGAGCAUCCTT,GGAUGCUCUAUCUUCUUCCTT,38,13
SM3983,AUCUACCCAGCUCUCCCUUTT,AAGGGAGAGCUGGGUAGAUTT,79,13
SM3987,AGCGAUCCCGAACAAGUAUTT,AUACUUGUUCGGGAUCGCUTT,87,13
SM3991,CGAAAGUGUAUCCGAAGACTT,GUCUUCGGAUACACUUUCGTT,77,13
SM3995,CCGAAGACGAAGCUAUGAATT,UUCAUAGCUUCGUCUUCGGTT,48,13
SM3999,UCUCCCACCCAAUGGAGAU,AUCUCCAUUGGGUGGGAGATT,83,13
SM4003,AAACCAGGAAGGGGAAAUCTT,GAUUUCCCCUUCCUGGUUUTT,69,13
SM4007,GAAGGGGAAAUCUGUGGUUTT,AACCACAGAUUUCCCCUUCTT,66,13
SM4011,GGGAGGAUGACAAAGAAGCTT,GCUUCUUUGUCAUCCUCCCTT,86,13
SM4015,GAAACUGGUACUUUCCCCCTT,GGGGGAAAGUACCAGUUUCTT,90,13
SM4019,AUCGCUGCUCCUCCUCCUCTT,GAGGAGGAGGAGCAGCGAUTT,72,13
SM4023,AGCUCUUUGUCACCUCUCUTT,AGAGAGGUGACAAAGAGCUTT,39,13
SM4027,AAUAAGCAGCUCGCGCUCCTT,GGAGCGCGAGCUGCUUAUUTT,58,13
SM4031,CUAGAGGAUCUUGAAGACCTT,GGUCUUCAAGAUCCUCUAGTT,97,13
SM4035,AUCGACCUGAAGGAGUACGTT,CGUACUCCUUCAGGUCGAUTT,32,13
SM4039,CCCUCCCCUGUCCCCGCUUTT,AAGCGGGGACAGGGGAGGGTT,75,13
SM4043,UUUGAUCAGCGGAGACUCGTT,CGAGUCUCCGCUGAUCAAATT,94,13
SM4047,AGUUAACCCGGGACUUGGATT,UCCAAGUCCCGGGUUAACUTT,93,13
SM4051,AUCACAAACCCCUAGAGGGTT,CCCUCUAGGGGUUUGUGAUTT,77,13
SM4055,AAACCCCUAGAGGGCAAGUTT,ACUUGCCCUCUAGGGGUUUTT,84,13
SM4059,GGAACCUCACAUCAACGCGCATT,UGCGCGUUGAUGUGAGGUUCCTT,70,13
SM4063,UGAACGUCACCGAGGAGAATT,UUCUCCUCGGUGACGUUCATT,87,13
SM4067,AACCCAAAGGGGAGUUGCUTT,AGCAACUCCCCUUUGGGUUTT,97,13
SM4071,AAAGGGGAGUUGCUGGAAGTT,CUUCCAGCAACUCCCCUUUTT,77,13
SM4075,AAACGUGACUUUGGUUCCUTT,AGGAACCAAAGUCACGUUUTT,86,13
SM4079,GAAUAACCUGAACGUCACCTT,GGUGACGUUCAGGUUAUUCTT,72,13
SM4083,ACGUCACCGAGGAGAAGUATT,UACUUCUCCUCGGUGACGUTT,81,13
SM4087,AGAAGUACCAGGAGGCGUUTT,AACGCCUCCUGGUACUUCUTT,62,13
SM4091,AAACCUCAGCCCUAACGGUTT,ACCGUUAGGGCUGAGGUUUTT,71,13
SM4095,UUAAGGAGAAGCUGACGGCTT,GCCGUCAGCUUCUCCUUAATT,87,13
SM4099,AACUUCUGGGAGCCUCCAATT,UUGGAGGCUCCCAGAAGUUTT,75,13
SM4103,CCAGCGAGCCCAAAAGAAATT,UUUCUUUUGGGCUCGCUGGTT,87,13
SM4107,CUCAAAUCAAGGCCGGAGUTT,ACUCCGGCCUUGAUUUGAGTT,86,13
SM4111,AGCCUCCAAACUCCUAGCUTT,AGCUAGGAGUUUGGAGGCUTT,71,13
SM4115,AUACUUGGCGGGCUCUUUCTT,GAAAGAGCCCGCCAAGUAUTT,73,13
SM4119,UUGGGGAAGCGGCCGGCGGTT,CCGCCGGCCGCUUCCCCAATT,84,13
SM4123,AAGGCAUGCUUCGGAAACUTT,AGUUUCCGAAGCAUGCCUUTT,96,13
SM4127,GCUUCGGAAACUGGACAUCTT,GAUGUCCAGUUUCCGAAGCTT,91,13
SM4131,AACUCUACUGUGGAGUCGGTT,CCGACUCCACAGUAGAGUUTT,73,13
SM4135,AGAAACGCAGUAAUCCGGATT,UCCGGAUUACUGCGUUUCUTT,87,13
SM4139,GGAAGUCCACCUUCUCCGATT,UCGGAGAAGGUGGACUUCCTT,55,13
SM4143,CUCCGACAGAUGAAGGAAATT,UUUCCUUCAUCUGUCGGAGTT,73,13
SM4147,AAGGACCUAGAGGAGUCACTT,GUGACUCCUCUAGGUCCUUTT,83,13
SM4151,CUGACCGGAAGCGCUUAAATT,UUUAAGCGCUUCCGGUCAGTT,90,13
SM4155,GAAGAGCCUACACAACCCUTT,AGGGUUGUGUAGGCUCUUCTT,76,13
SM4159,ACAGAAAGAGUUCGAGGAGTT,CUCCUCGAACUCUUUCUGUTT,65,13
SM4163,AGGAGACCGUGACAUUUCGTT,CGAAAUGUCACGGUCUCCUTT,0,13
SM4167,ACCUUAAGGACCACCGGAUTT,AUCCGGUGGUCCUUAAGGUTT,73,13
SM4171,CGGAUCUACACCUUCAAGATT,UCUUGAAGGUGUAGAUCCGTT,44,13
SM4175,GCUUUAAGGAACUGGAAGGTT,CCUUCCAGUUCCUUAAAGCTT,77,13
SM4179,GAGAGAGACGGUGGAAGAATT,UUCUUCCACCGUCUCUCUCTT,75,13
SM4183,AUCCUGCAGAAGAAGCCUCTT,GAGGCUUCUUCUGCAGGAUTT,53,13
SM4187,UCCUCGUCGUCUGUUCUAATT,UUAGAACAGACGACGAGGATT,84,13
SM4191,AACCCACCACAGCUAGAACUU,GUUCUAGCUGUGGUGGGUUUU,89,13
SM4195,UUACAAAGGAUCUCCUCCCTT,GGGAGGAGAUCCUUUGUAATT,77,13
SM4199,AAACGAGAGAGCCCACCUUTT,AAGGUGGGCUCUCUCGUUUTT,58,13
SM4203,AAAGCGGUGGAUCAGCUCUTT,AGAGCUGAUCCACCGCUUUTT,69,13
SM4207,UCCAAGCUUCCUCGUUGGUTT,ACCAACGAGGAAGCUUGGATT,71,13
SM4211,AGAGAGGUGGAGGUAUCUCTT,GAGAUACCUCCACCUCUCUTT,90,13
SM4215,CCGAAGACGAAGCUAUGAATT,UUCAUAGCUUCGUCUUCGGTT,73,13
SM4231,AACCUUACCCACCUCAUGUAUCU,AGAUACAUGAGGUGGGUAAGGUU,86,17
SM4250,AACCUUACCCACCUCAUGUAUCU,AGAUACAUGAGGUGGGUAAGGUU,97,17
SM4297,AAGUAAGGACCAGAGACAAA,UUUGUCUCUGGUCCUUACUU,55,1.5
SM4452,GGCCUUUCACUACUCCUACGA,GUAGGAGUAGUGAAAGGCCAG,82,1
SM4457,GGCCUUUCACUACUCCUACGA,GUAGGAGUAGUGAAAGGCCAG,0,100
SM4533,GGCCUUUCACUACUCCUACGA,GUAGGAGUAGUGAAAGGCCAG,58,0.2
SM4597,GGCCUUUCACUACUCCUACTT,AGUAGGAGUAGUGAAAGGCCTT,97,33
SM4606,UAAGGCUAUGAAGAGAUACTT,AGUAUCUCUUCAUAGCCUUATT,1,33
SM4623,CUGGCCUUUCACUACUCCUACGAGCAC,GUGCUCGUAGGAGUAGUGAAAGGCCAG,80,1
SM4631,CUGGCCUUUCACUACUCCUACGAGCAC,GUGCUCGUAGGAGUAGUGAAAGGCCAG,69,0.2
SM4635,GGCCUUUCACUACUCCUACGA,GUAGGAGUAGUGAAAGGCCAG,12,600
SM4639,CUGGCCUUUCACUACUCCUACGAGCAC,GUGCUCGUAGGAGUAGUGAAAGGCCAG,0,600
SM4643,GGCCUUUCACUACUCCUACGA,GUAGGAGUAGUGAAAGGCCAG,0,50
SM4647,CUGGCCUUUCACUACUCCUACGAGCAC,GUGCUCGUAGGAGUAGUGAAAGGCCAG,0,50
SM4651,UCCUACAGCACAACAAAUGUG,CAUUUGUUGUGCUGUAGGAAG,75,100
SM4653,CUUCCUACAGCACAACAAAUGUGAAUG,CAUUCACAUUUGUUGUGCUGUAGGAAG,90,100
SM4655,UCCUACAGCACAACAAAUGUG,CAUUUGUUGUGCUGUAGGAAG,13,100
SM4657,CUUCCUACAGCACAACAAAUGUGAAUG,CAUUCACAUUUGUUGUGCUGUAGGAAG,36,100
SM4659,CUUACGCUGAGUACUUCGATT,UCGAAGUACUCAGCGUAAGTT,96,13
SM4828,UGAAUCAGAAGAUGAAGUCAA,GACUUCAUCUUCUGAUUCAAG,60,2
SM4832,UGAAUCAGAAGAUGAAGUCAA,GACUUCAUCUUCUGAUUCAAG,94,2
SM4855,GCGCGCUUUGUAGGAUUCGTT,CGAAUCCUACAAAGCGCGCTT,0,25
SM4877,CGUACGCGGAAUACUUCGATT,UCGAAGUAUUCCGCGUACGTT,95.4,25
SM4885,AAACAUGCAGAAAAUGCUGTT,CAGCAUUUUCUGCAUGUUUTT,41.7,25
SM4951,AAACAUGCAGAAAAUGCCUTT,CAGCAUUUUCUGCAUGUUUTT,69.7,25
SM2288,AAGUAAGGACCAGAGACAA,UUGUCUCUGGUCCUUACUU,72,2
SM2288,AAGUAAGGACCAGAGACAA,UUGUCUCUGGUCCUUACUU,50,0.2
SM2291,GGGUAAAUACAUUCUUCAU,AUGAAGAAUGUAUUUACCC,64,2
SM2291,GGGUAAAUACAUUCUUCAU,AUGAAGAAUGUAUUUACCC,50,0.8
SM2952,GUAUGACCGACUACGCGUATT,UUCAGUGUGAUGACACUUGTT,95,10
SM2952,GUAUGACCGACUACGCGUATT,UUCAGUGUGAUGACACUUGTT,50,0.12
SM3309,UGAGGUUUAGGAUUCGUGCUUGCACGAAUCCUAAACCUCA,0,90,20
SM3309,UGAGGUUUAGGAUUCGUGCUUGCACGAAUCCUAAACCUCA,0,50,0.003
SM4856,CGUACGCGGAAUACUUCGATT,UCGAAGUAUUCCGCGUACGTT,50,0.1
