,SMId,Sensesequence,Antisensesequence,Biologicalactivity,"SiRNAConcentrationused, nM",Reference
0,SM1442,GACGUAAACGGCCACAAGUUC,ACUUGUGGCCGUUUACGUCGC,85.5,10.0,19282453
1,SM2172,AUCUGAAGAAGGAGAAAAATT,UUUUUCUCCUUCUUCAGAUTT,88.0,0.30000000000001137,19042976
2,SM2181,AUCUGAAGAAGGAGAAAAATT,UCCUUUCUUUCUUUCGAAUTT,2.000000000000007,0.30000000000001137,19042976
3,SM2190,CGUACGCGGAAUACUUCGAUU,UCGAAGUAUUCCGCGUACGUG,4.230000000000004,50.0,18575806
4,SM2191,GCAGCACGACUUCUUCAAGUU,CUUGAAGAAGUCGUGCUGCUU,77.3,50.0,18575806
5,SM2200,UAGUUCUGUGGGGCUGUUUUU,AAACAGCCCCACAGAACUAUU,13.0,50.0,18575806
6,SM2203,UUCUUCGAACGUGUCACGUTT,ACGUGACACGUUCGAAGAATT,26.0,2.0,17894530
7,SM2204,CUGGAGCAAGUUGCAAAGCAUUGGAAU,AUUCCAAUGCUUUGCAACUUGCUCCAG,4.0,2.0,17894530
8,SM2205,GGCCUUUCACUACUCCUACGA,GUAGGAGUAGUGAAAGGCCAG,88.0,2.0,17894530
9,SM2206,GGCCUUUCACUACUCCUACGA,GUAGGAGUAGUGAAAGGCCAG,48.0,50.0,17894530
10,SM2208,CUGGCCUUUCACUACUCCUACGAGCAC,GUGCUCGUAGGAGUAGUGAAAGGCCAG,87.0,2.0,17894530
11,SM2217,CUGGCCUUUCACUACUCCUACGAGCAC,GUGCUCGUAGGAGUAGUGAAAGGCCAG,83.0,50.0,17894530
12,SM2235,GGCCUUUCACUACUCCUACGAGCAC,GUGCUCGUAGGAGUAGUGAAAGGCCAG,83.0,0.5,17894530
13,SM2239,AAGGAGAUCAACAUUUUCATT,UGAAAAUGUUGAUCUCCUUTT,81.0,2.0,16598842
14,SM2264,AAGUAAGGACCAGAGACAAA,UUUGUCUCUGGUCCUUACUU,50.0,0.9499999999999886,16509579
15,SM2273,AAGUAAGGACCAGAGACAA,UUGUCUCUGGUCCUUACUU,50.0,0.39999999999997726,16509579
16,SM2287,AAGUAAGGACCAGAGACAATT,UUGUCUCUGGUCCUUACUUTT,66.0,2.0,15715458
17,SM2288,AAGUAAGGACCAGAGACAA,UUGUCUCUGGUCCUUACUU,72.0,2.0,15715458
18,SM2289,AAGCAAGGAGAAGCGAUAA,UUAUCGCUUCUCGUUGCUU,0.0,2.0,15715458
19,SM2290,GGGUAAAUACAUUCUUCAUTT,AUGAAGAAUGUAUUUACCCTT,62.0,2.0,15715458
20,SM2291,GGGUAAAUACAUUCUUCAU,AUGAAGAAUGUAUUUACCC,64.0,2.0,15715458
21,SM2292,GGGAAAGUAUCUUGUUUAU,AUAAACAAGAUACUUUCCC,9.999999999999993,2.0,15715458
22,SM2314,ACAUGAAGCAGCACGACUUTT,AAGUCGUGCUGCUUCAUGUTT,90.0,20.0,17585051
23,SM2315,AUGAAGCAGCACGACUUTT,AAGUCGUGCUGCUUCAUTT,75.0,20.0,17585051
24,SM2316,GAAGCAGCACGACUUTT,AAGUCGUGCUGCUUCTT,5.0,20.0,17585051
25,SM2320,AGCUUUGUGGAGAUGGUGGTT,CCACCAUCUCCACAAAGCUTT,70.0,5.0,17585051
26,SM2323,AUACAGGCAGCAGUAACUUUTT,AAAGUUACUGCUGCCUGUAUTT,62.0,1.0,17585051
27,SM2343,AUCUGAAGAAGGAGAAAAATT,UUUUUCUCCUUCUUCAGAUTT,91.0,0.8000000000000114,23764303
28,SM2348,CGUGACCGCACACCCAAUATT,UAUUGGGUGUGCGGUCACGGT,26.0,10.0,23743442
29,SM2349,ACCUUGAGGCAUACUUCAATT,UUGAAGUAUGCCUCAAGGUCG,90.0,10.0,23743442
30,SM2370,CUUCUUCGUCGAGACCAUGTT,CAUGGUCUCGACGAAGAAGTT,35.0,0.10000000000002274,23743279
31,SM2377,CUUCUUCGUCGAGACCAUGTT,CAUGGUCUCGACGAAGAAGTT,64.0,1.0,23743279
32,SM2384,CUUCUUCGUCGAGACCAUGTT,CAUGGUCUCGACGAAGAAGTT,82.0,10.0,23743279
33,SM2410,AAUCAGACAAGUUCUUCAUTT,AUGAAGAACUUGUCUGAUUTT,96.0,1.0,23682800
34,SM2416,AAUCAGACAAGUUCUUCAUTT,AUGAAGAACUUGUCUGAUUTT,83.0,0.10000000000002274,23682800
35,SM2422,GGAUAUUGUCAGUCUUUAGGUU,CCUAAAGACUGACAAUAUCCUU,81.0,1.0,23449220
36,SM2435,GGAUAUUGUCAGUCUUUAGGUU,CCUAAAGACUGACAAUAUCCUU,62.0,1.0,23449220
37,SM2441,GGAUAUUGUCAGUCUUUAGGUU,CCUAAAGACUGACAAUAUCCUU,82.0,1.0,23449220
38,SM2447,AUCUGAAGAAGGAGAAAAATT,UUUUUCUCCUUCUUCAGAUTT,50.0,0.024999999999977263,23362010
39,SM2478,GGCCUUUCACUACUCCUACGA,GUAGGAGUAGUGAAAGGCCAG,83.0,1.0,22982308
40,SM2486,CAGCAAACCACGAUCAAUATT,UAUUGAUCGUGGUUUGCUGTT,71.0,50.0,22889374
41,SM2489,CAGAGCAAUUGUUUACCUATT,UAGGUAAACAAUUGCUCUGTT,73.0,50.0,22889374
42,SM2492,GGAUUGACCUCUCAUAUAATT,UUAUAUGAGAGGUCAAUCCTT,0.0,50.0,22889374
43,SM2497,CGUUAGCAGAAACAAAAGGAG,CUCCUUUUGUUUCUGCUAACG,97.04634135076702,16.361812203396994,12771196
44,SM2498,CGUGAGCACAAAGAAAAUGAG,CUCAUUUUCUUUGUGCUCACG,46.73201164450531,27.987764149556853,12771196
45,SM2503,UGGAAUGAACCACUGGAAUUU,AAAUUCCAGUGGUUCAUUCCA,88.50463142173052,31.55026173935468,12771196
46,SM2505,CGAGGGGAGUACAUCAAGAUU,UCUUGAUGUACUCCCCUCGUU,73.84996995717323,36.299704012160646,12771196
47,SM2506,CGAGGGGAGUACAUCAAGACC,UCUUGAUGUACUCCCCUCGUU,75.87629506653764,29.573305147043186,12771196
48,SM2509,GAGGGGAGUACAUCAAGAC,CUUGAUGUACUCCCCUCUG,41.76505798868337,1.4025799211466392,12771196
49,SM2533,UCUUGAUGUACUCCCCUCGTT,CGAGGGGAGUACAUCAAGATT,82.0,29.8085305076805,12771196
50,SM2539,AAUUCCAGUGGUUCAUUCC,GGAAUGAACCACUGGAAUU,4.0,17.139208455518087,12771196
51,SM2544,UGGCCAAUGCCAAGGAGAUUU,AUCUCCUUGGCAUUGGCCAUU,16.0,0.10000000000002274,17511001
52,SM2553,UGGCCAAUGCCAAGGAGAUUU,AUCUCCUUGGCAUUGGCCAUU,49.0,1.0,17511001
53,SM2562,UGGCCAAUGCCAAGGAGAUUU,AUCUCCUUGGCAUUGGCCAUU,60.0,5.0,17511001
54,SM2571,UGGCCAAUGCCAAGGAGAUUU,AUCUCCUUGGCAUUGGCCAUU,90.0,20.0,17511001
55,SM2585,CUUACGCUGAGUACUUCGATT,UCGAAGUACUCAGCGUAAGTT,50.0,0.20999999999997954,17163665
56,SM2592,CUUACGCUGAGUACUUCGATT,UCGAAGUACUCAGCGUAAGTT,50.0,0.0,17163665
57,SM2593,CUUACGCUGAGUACUUCGATT,UCGAAGUACUCAGCGUAAGTT,50.0,0.0,17163665
58,SM2594,CUUACGCUGAGUACUUCGATT,UCGAAGUACUCAGCGUAAGTT,50.0,0.9200000000000159,17163665
59,SM2599,CUUACGCUGAGUACUUCGATT,UCGAAGUACUCAGCGUAATT,35.0,10.0,17881374
60,SM2600,CUUACGCUGAGUACUUCGATT,UCGAAGUACUCAGCGUAATT,35.0,10.0,17881374
61,SM2601,GCGGAUCAAACCUCACCAATT,UUGGUGAGGUUUGAUCCGCTT,93.0,17.0,17881374
62,SM2606,GACGUAAACGGCCACAAGUUC,ACUUGUGGCCGUUUACGUCGC,71.0,10.0,17904849
63,SM2613,CGUACGCGGAAUACUUCGAUU,UCGAAGUAUUCCGCGUACGUU,69.0,25.0,18094121
64,SM2614,CGUACGCGGAAUACUUCGAUU,TCGAAGUAUUCCGCGUACGUU,75.0,25.0,18094121
65,SM2616,TGUACGCGGAAUACUUCGAUU,UCGAAGUAUUCCGCGUACGUU,65.0,25.0,18094121
66,SM2618,UUAGUCGAAUGCAAGACAAUT,UUGUCUUGCAUUCGACUAAUT,90.0,25.0,18094121
67,SM2622,UUAAGAUCUGUUAUCCGCAUT,UGCGGAUAACAGAUCUUAAUT,89.0,25.0,18094121
68,SM2626,UUAAGAUCUGUUAUCCGCAUT,UGCGGAUAACAGAUCUUAAUT,70.0,25.0,18094121
69,SM2627,UUAAGAUCUGUUAUCCGCAUT,AGCGGAUAACAGAUCUUAAUT,69.0,25.0,18094121
70,SM2628,UUAAGAUCUGUUAUCCGCAUT,UCCGGAUAACAGAUCUUAAUT,76.0,25.0,18094121
71,SM2629,UUAAGAUCUGUUAUCCGCAUT,UGGGGAUAACAGAUCUUAAUT,65.0,25.0,18094121
72,SM2630,UUAAGAUCUGUUAUCCGCAUT,UGCCGAUAACAGAUCUUAAUT,60.0,25.0,18094121
73,SM2631,UUAAGAUCUGUUAUCCGCAUT,UGCGCAUAACAGAUCUUAAUT,61.0,25.0,18094121
74,SM2635,CGAUGUGUCUAUUGAAGAUUC,AUCUUCAAUAGACACAUCGGC,3.0,0.0020000000000095497,18367449
75,SM2637,CGAUGUGUCUAUUGAAGAUUC,AUCUUCAAUAGACACAUCGGC,14.0,0.01999999999998181,18367449
76,SM2639,CGAUGUGUCUAUUGAAGAUUC,AUCUUCAAUAGACACAUCGGC,55.0,0.19999999999998863,18367449
77,SM2641,CGAUGUGUCUAUUGAAGAUUC,AUCUUCAAUAGACACAUCGGC,68.0,2.0,18367449
78,SM2644,CUUACGCUGAGUACUUCGATT,UCGAAGUACUCAGCGUAAGTT,88.0,25.0,19233658
79,SM2658,UCGAAGUAUUCCGCGUACGTT,CGUACGCGGAAUACUUCGATT,83.0,100.0,19325750
80,SM2662,UCGAAGUAUUCCGCGUACGTT,CGUACGCGGAAUACUUCGATT,80.0,10.0,19325750
81,SM2666,UCGAAGUAUUCCGCGUACGTT,CGUACGCGGAAUACUUCGATT,75.0,1.0,19325750
82,SM2670,UCGAAGUAUUCCGCGUACGTT,CGUACGCGGAAUACUUCGATT,64.0,0.10000000000002274,19325750
83,SM2674,CUAAGGACCUAACAAAGUUUU,AACUUUGUUAGGUCCUUAGUU,60.0,10.0,20005874
84,SM2676,CUAAGGACCUAACAAAGUUUU,AACUUUGUUAGGUCCUUAGUU,0.0,10.0,20005874
85,SM2687,UUCUCCGAACGUGUCACGUUUU,ACGUGACACGUUCGGAGAAUUU,76.0,10.0,20005874
86,SM2706,UCGAAGUAUUCCGCGUACGTT,CGUACGCGGAAUACUUCGATT,78.0,0.031999999999982265,20485810
87,SM2713,UCGAAGUAUUCCGCGUACGTT,CGUACGCGGAAUACUUCGATT,74.0,0.031999999999982265,20485810
88,SM2720,UCGAAGUAUUCCGCGUACGTT,CGUACGCGGAAUACUUCGATT,75.0,0.3199999999999932,20485810
89,SM2727,UCGAAGUAUUCCGCGUACGTT,CGUACGCGGAAUACUUCGATT,72.0,0.3199999999999932,20485810
90,SM2734,UCGAAGUAUUCCGCGUACGTT,CGUACGCGGAAUACUUCGATT,72.0,0.3199999999999932,20485810
91,SM2741,UCGAAGUAUUCCGCGUACGTT,CGUACGCGGAAUACUUCGATT,67.0,0.3199999999999932,20485810
92,SM2748,UCGAAGUAUUCCGCGUACGTT,CGUACGCGGAAUACUUCGATT,77.0,0.3199999999999932,20485810
93,SM2755,UCGAAGUAUUCCGCGUACGTT,CGUACGCGGAAUACUUCGATT,69.0,0.3199999999999932,20485810
94,SM2762,UCGAAGUAUUCCGCGUACGTT,CGUACGCGGAAUACUUCGATT,66.0,0.3199999999999932,20485810
95,SM2769,UCGAAGUAUUCCGCGUACGTT,CGUACGCGGAAUACUUCGATT,70.0,0.3199999999999932,20485810
96,SM2776,CUUACGCUGAGUACUUCGATT,TCGAAGUACUCAGCGUAAGTT,80.0,5.719949955128186,20610434
97,SM2821,CUUACGCUGAGUACUUCGATT,TCGAAGUACUCAGCGUAAGTT,50.0,0.14400000000000546,20610434
98,SM2827,CUUACGCUGAGUACUUCGAAA,UCGAAGUACUCAGCGUAAGUG,50.0,0.14400000000000546,20610434
99,SM2837,AAGUAAGGACCAGAGACAATT,UUGUCUCUGGUCCUUACUUTT,50.0,0.17899999999997362,20610434
100,SM2838,AAGUAAGGACCAGAGACAATT,UUGUCUCUGGUCCUUACUUTT,50.0,0.09199999999998454,20610434
101,SM2839,AAGUAAGGACCAGAGACAATT,UUGUCUCUGGUCCUUACUUTT,50.0,0.07600000000002183,20610434
102,SM2840,AAGUAAGGACCAGAGACAATT,UUGUCUCUGGUCCUUACUUTT,50.0,0.06599999999997408,20610434
103,SM2841,AAGUAAGGACCAGAGACAATT,UUGUCUCUGGUCCUUACUUTT,50.0,0.05200000000002092,20610434
104,SM2842,AAGUAAGGACCAGAGACAATT,UUGUCUCUGGUCCUUACUUTT,50.0,0.021000000000015007,20610434
105,SM2843,AAGUAAGGACCAGAGACAATT,UUGUCUCUGGUCCUUACUUTT,50.0,0.05299999999999727,20610434
106,SM2848,CAAGUGUCAUCACACUGAATT,UUCAGUGUGAUGACACUUGTT,61.0,10.0,21942264
107,SM2868,CAAGUGUCAUCACACUGAATT,UUCAGUGUGAUGACACUUGTT,81.0,10.0,21942264
108,SM2888,CAAGUGUCAUCACACUGAATT,UUCAGUGUGAUGACACUUGTT,81.0,10.0,21942264
109,SM2908,GACGUAAACGGCCACAAGUUC,ACUUGUGGCCGUUUACGUCGC,91.09561009259212,1.0,21687525
110,SM2915,GACUUAGACUGACACAAGUUC,CUUGUGUCAGUCUAAGUCGC,77.20939426200886,1.0,21687525
111,SM2916,GACGUAAACGGCCACAAGUUC,ACUUGUGGCCGUUUACGUCGC,79.98277709992718,5.0,21687525
112,SM2923,GACUUAGACUGACACAAGUUC,CUUGUGUCAGUCUAAGUCGC,57.342475217049476,5.0,21687525
113,SM2924,GACGUAAACGGCCACAAGUUC,ACUUGUGGCCGUUUACGUCGC,93.79865249711358,25.0,21687525
114,SM2931,GACUUAGACUGACACAAGUUC,CUUGUGUCAGUCUAAGUCGC,70.52598787053547,25.0,21687525
115,SM2940,AAGCUGACCCUGAAGUUCAUCUGCACC,GGUGCAGAUGAACUUCAGGGUCAGCUU,82.0,1.5600000000000023,21739319
116,SM2946,AAGCUGACCCUGAAGUUCAUCUGCACC,GGUGCAGAUGAACUUCAGGGUCAGCUU,91.0,1.5600000000000023,21739319
117,SM2952,GUAUGACCGACUACGCGUATT,UUCAGUGUGAUGACACUUGTT,95.0,10.0,19917641
118,SM2976,GCAGCACGACUUCUUCAAGTT,CUUGAAGAAGUCGUGCUGCTT,93.0,50.0,12923253
119,SM3002,GCAGCACGACUUCUUCAAGTT,CUUGAAGAAGUCGUGCUGCTT,35.0,50.0,12923253
120,SM3003,GCAGCACGACUUCUUCAAGTT,CUUGAAGAAGUCGUGCUGCTT,77.0,50.0,12923253
121,SM3008,GACGUAAACGGCCACAAGUUCU,ACUUGUGGCCGUUUACGUCGCU,89.0,10.0,22287630
122,SM3016,GUUCACCUUGAUGCCGUUCUU,GAACGGCAUCAAGGUGAACUU,78.0,25.0,15545637
123,SM3031,GUUCACCUUGAUGCCGUUCUU,GAACGGAACUACGGUGAACUU,0.0,25.0,15545637
124,SM3032,GUUCACCUUGAUGCCGUUCUU,GAACGGAACUACGGUGAACUU,0.0,25.0,15545637
125,SM3033,GUUCACCUUGAUGCCGUUCUU,GCACGACUUCUUCAAGUCCUU,65.0,25.0,15545637
126,SM3036,GUUCACCUUGAUGCCGUUCUU,GCACGCUUCUUCAAAGUCCUU,0.0,25.0,15545637
127,SM3037,CUUACGCUGAGUACUUCGATT,UCGAAGUACUCAGCGUAAGTT,95.0,13.0,15653644
128,SM3038,AUCUGAAGAAGGAGAAAAATT,UUUUUCUCCUUCUUCAGAUTT,90.0,13.0,15653644
129,SM3039,UGAGAGAAAGCACAGAAAATT,UUUUCUGUGCUUUCUCUCATT,73.0,13.0,15653644
130,SM3040,AAACAUGCAGAAAAYGCUGTT,CAGCAUUUUCUGCAUGUUUTT,43.0,13.0,15653644
131,SM3041,UCCAGAACAAAACCAAACGGTT,CCGUUUGGUUUGUUCUGGATT,28.0,13.0,15653644
132,SM3042,GGACGAGGAAGGCAAUUUATT,UAAAUUGCCUUCCUCAUCCTT,48.0,13.0,15653644
133,SM3043,CUGGUACGAUUUCGGUGAUTT,AGCACCGAAAUCGUACCAGTT,0.0,13.0,15653644
134,SM3044,ACUGUCAAACCCGGUAAUUTT,AAUUACCGGGUUUGACAGUTT,15.0,13.0,15653644
135,SM3089,GCUUGAAGUCUUUAAUUAATT,UUAAUUAAAGACUUCAAGCGG,50.0,0.160000000000025,17284457
136,SM3090,GCUUGAAGUCUUUAAUUAATT,UUAAUUAAAGACUUCAAGCGG,50.0,0.040000000000020464,17284457
137,SM3100,GCUUGAAGUCUUUAAUUAAGG,UUAAUUAAAGACUUCAAGCGG,50.0,0.8700000000000045,17284457
138,SM3129,CUUCCUCUCUUUCUCUCCCUUGUGA,UCACAAGGGAGAGAAAGAGAGGAAGGA,0.0,10.0,18637735
139,SM3130,GCACCAGAGCCAAUGGAACUUGATG,CAUCAAGUUCCAUUGGCUCUGGUGCUU,93.0,10.0,18637735
140,SM3147,CUUCCUCUCUUUCUCUCCCUUGUGA,UCACAAGGGAGAGAAAGAGAGGAAGGA,0.0,1.0,18637735
141,SM3148,GCACCAGAGCCAAUGGAACUUGATG,CAUCAAGUUCCAUUGGCUCUGGUGCUU,95.0,1.0,18637735
142,SM3165,CUUCCUCUCUUUCUCUCCCUUGUGA,UCACAAGGGAGAGAAAGAGAGGAAGGA,0.0,0.10000000000002274,18637735
143,SM3166,GCACCAGAGCCAAUGGAACUUGATG,CAUCAAGUUCCAUUGGCUCUGGUGCUU,87.0,0.10000000000002274,18637735
144,SM3183,GCCAGACUUUGUUGGAUUUGAAATT,AAUUUCAAAUCCAACAAAGUCUGGCUU,0.0,0.10000000000002274,18637735
145,SM3184,ACCCUGAAGUUCAUCUGCACCACCG,CGGUGGUGCAGAUGAACUUCAGGGUCA,34.0,0.10000000000002274,18637735
146,SM3189,GCCAGACUUUGUUGGAUUUGAAATT,AAUUUCAAAUCCAACAAAGUCUGGCUU,0.0,1.0,18637735
147,SM3190,ACCCUGAAGUUCAUCUGCACCACCG,CGGUGGUGCAGAUGAACUUCAGGGUCA,96.0,1.0,18637735
148,SM3195,GCCAGACUUUGUUGGAUUUGAAATT,AAUUUCAAAUCCAACAAAGUCUGGCUU,0.0,10.0,18637735
149,SM3196,ACCCUGAAGUUCAUCUGCACCACCG,CGGUGGUGCAGAUGAACUUCAGGGUCA,98.0,10.0,18637735
150,SM3202,GCCAGACUUUGUUGGAUUUUGAAATT,AAUUUCAAAUCCAACAAAGUCUGGCUU,81.0,0.10000000000002274,18637735
151,SM3205,GCCAGACUUUGUUGGAUUUUGAAATT,AAUUUCAAAUCCAACAAAGUCUGGCUU,93.0,1.0,18637735
152,SM3208,GCCAGACUUUGUUGGAUUUUGAAATT,AAUUUCAAAUCCAACAAAGUCUGGCUU,96.0,10.0,18637735
153,SM3211,GCCAGUAAUUCAGCAGUUUGAACAA,UUGUUCAAACUGCUGAAUUACUGGCUG,43.0,0.009999999999990905,18637735
154,SM3215,GCAUUCCAGAGAAAGCGUUUAAUTT,AAAUUAAACGCUUUCUCUGGAAUGCCU,54.0,0.009999999999990905,18637735
155,SM3217,GCCAGUAAUUCAGCAGUUUGAACAA,UUGUUCAAACUGCUGAAUUACUGGCUG,78.0,0.05000000000001137,18637735
156,SM3221,GCAUUCCAGAGAAAGCGUUUAAUTT,AAAUUAAACGCUUUCUCUGGAAUGCCU,83.0,0.05000000000001137,18637735
157,SM3223,GCCAGUAAUUCAGCAGUUUGAACAA,UUGUUCAAACUGCUGAAUUACUGGCUG,89.0,0.024999999999977263,18637735
158,SM3227,GCAUUCCAGAGAAAGCGUUUAAUTT,AAAUUAAACGCUUUCUCUGGAAUGCCU,87.0,0.024999999999977263,18637735
159,SM3229,GUGGGAGCGCGUGAUGAACTT,GUUCAUCACGCGCUCCCACTT,0.0,50.0,18776474
160,SM3230,GCAGCACGACUUCUUCAAGTT,CUUGAAGAAGUCGUGCUGCTT,80.0,50.0,18776474
161,SM3234,GCAGCACGACUUCUUCAAGTT,CUUGAAGAAGUCGUGCUGCTT,77.0,20.0,21687522
162,SM3235,GUGGGAGCGCGUGAUGAACTT,GUUCAUCACGCGCUCCCACTT,0.0,20.0,21687522
163,SM3248,GCAGCACGACUUCUUCAAGTT,CUUGAAGAAGUCGUGCUGCTT,52.0,5.0,21687522
164,SM3249,GUGGGAGCGCGUGAUGAACTT,GUUCAUCACGCGCUCCCACTT,0.0,5.0,21687522
165,SM3262,GCAGCACGACUUCUUCAAGTT,CUUGAAGAAGUCGUGCUGCTT,26.0,2.0,21687522
166,SM3263,GUGGGAGCGCGUGAUGAACTT,GUUCAUCACGCGCUCCCACTT,0.0,2.0,21687522
167,SM3276,GUAUUGACAGCUAUUCGAATT,UUCGAAUAGCUGUCAAUACTT,36.0,50.0,17264131
168,SM3307,GCACGAAUCCUAAACCUCAUU,UGAGGUUUAGGAUUCGUGCUU,89.0,20.0,19948766
169,SM3313,ACGAAUCCUAAACCUCA,UGAGGUUUAGGAUUCGUGC,70.0,20.0,19948766
170,SM3337,ACGAAUCCUAAACCUCA,UGAGGUUUAGGAUUCGUGC,95.0,20.0,19948766
171,SM3350,AGACGAGCUGAGCGAGAAGTT,TTUCUGCUCGACUCGCUCUUC,90.0,200.0,12834349
172,SM3369,CUUACGCUGAGUACUUCGAUU,UUUGAAUGCGACUCAUGAAGCU,21.0,20.0,18066804
173,SM3372,GUGGUAUUGUUCCUCCUAATT,UUAGGAGGAACAAUACCACTT,50.0,1.5,16343994
174,SM3375,GUGAUCAGACUCAAUACGAAU,AUUCGUAUUGAGUCUGAUCACAC,50.0,1.5,16343994
175,SM3377,GUCAUCACACUGAAUACCAAU,AUUGGUAUUCAGUGUGAUGACAC,50.0,1.5,16343994
176,SM3381,UUGAUGUGUUUAGUCGCUAUU,UAGCGACUAAACACAUCAAUU,50.0,1.5,16343994
177,SM3383,TTAUCUCCAUGCACGACUCCG,UAGAGGUACGUGCUGAGGCTT,34.0,25.0,17979170
178,SM3388,GGACCACCGCAUCUCUACATT,GGACCACCGCAUCUCUACATT,92.0,10.0,20704260
179,SM3405,CGAUGUGUCUAUUGAAGAUUC,CGGCUACACAGAUAACUUCUA,19.0,20.0,18367449
180,SM3440,AGCGCUUAAAGGGCGAGAAGAUU,UCUUCUCGCCCUUUAAGCGCUUU,84.0,13.0,"US20120088815A1, EP2415869A1"
181,SM3458,AGCGCUUAAAGGGCGAGAAGAUU,UCUUCUCGCCCUUUAAGCGCUUU,85.0,13.0,"US20120088815A1,   EP2415869A1"
182,SM3465,AACCCACCACAGCUAGAACUU,AAGUUCUAGCUGUGGUGGGUU,86.0,13.0,"US20120088815A1, EP2415869A1"
183,SM3483,AACCCACCACAGCUAGAACUU,AAGUUCUAGCUGUGGUGGGUU,78.0,13.0,"US20120088815A1,   EP2415869A1"
184,SM3503,AGAAGGACUACUAACCUCCTT,GGAGGUUAGUAGUCCUUCUTT,83.0,13.0,"US20120088815A1, EP2415869A1"
185,SM3507,GGACUACUAACCUCCAGUUTT,AACUGGAGGUUAGUAGUCCTT,69.0,13.0,"US20120088815A1,   EP2415869A1"
186,SM3511,GAAACUGGUACUUUCCCCCTT,GGGGGAAAGUACCAGUUUCTT,69.0,13.0,"US20120088815A1, EP2415869A1"
187,SM3515,UUUCCCCCAGGUAACGAUUTT,AAUCGUUACCUGGGGGAAATT,70.0,13.0,"US20120088815A1,   EP2415869A1"
188,SM3519,CCCCAGGUAACGAUUUUCUTT,AGAAAAUCGUUACCUGGGGTT,86.0,13.0,"US20120088815A1, EP2415869A1"
189,SM3523,GGGAAACUGAAAGGCUAUGTT,CAUAGCCUUUCAGUUUCCCTT,57.0,13.0,"US20120088815A1,   EP2415869A1"
190,SM3527,GCGAGCAGAGAAUCUACCUTT,AGGUAGAUUCUCUGCUCGCTT,97.0,13.0,"US20120088815A1, EP2415869A1"
191,SM3531,GCAGAGAAUCUACCUUUCCTT,GGAAAGGUAGAUUCUCUGCTT,79.0,13.0,"US20120088815A1,   EP2415869A1"
192,SM3535,ACCUUUCCACUUCUAAGCCTT,GGCUUAGAAGUGGAAAGGUTT,84.0,13.0,"US20120088815A1, EP2415869A1"
193,SM3539,CUAAGCCUGUUUCUUCCUCTT,GAGGAAGAAACAGGCUUAGTT,90.0,13.0,"US20120088815A1,   EP2415869A1"
194,SM3543,GAAGAUAGGAAGGGGCUUCTT,GAAGCCCCUUCCUAUCUUCTT,55.0,13.0,"US20120088815A1, EP2415869A1"
195,SM3547,AAUAAGCAGCUCGCGCUCCTT,GGAGCGCGAGCUGCUUAUUTT,73.0,13.0,"US20120088815A1,   EP2415869A1"
196,SM3551,UAGCCAGAGCCAAAGAAGCTT,GCUUCUUUGGCUCUGGCUATT,93.0,13.0,"US20120088815A1, EP2415869A1"
197,SM3555,AACAGUCCUUAGCUACGCUTT,AGCGUAGCUAAGGACUGUUTT,49.0,13.0,"US20120088815A1,   EP2415869A1"
198,SM3559,CUAGAGGAUCUUGAAGACCTT,GGUCUUCAAGAUCCUCUAGTT,72.0,13.0,"US20120088815A1, EP2415869A1"
199,SM3563,AUCGACCUGAAGGAGUACGTT,CGUACUCCUUCAGGUCGAUTT,52.0,13.0,"US20120088815A1,   EP2415869A1"
200,SM3567,GAUAGGAAGGGGCUUCAGCTT,GCUGAAGCCCCUUCCUAUCTT,53.0,13.0,"US20120088815A1, EP2415869A1"
201,SM3571,AGUCCCUGGAGCCUUAAACTT,GUUUAAGGCUCCAGGGACUTT,72.0,13.0,"US20120088815A1,   EP2415869A1"
202,SM3575,AGCCACAUUUCUAGGAGAUTT,AUCUCCUAGAAAUGUGGCUTT,39.0,13.0,"US20120088815A1, EP2415869A1"
203,SM3579,GAUUCCAAACCCCACUAUCTT,GAUAGUGGGGUUUGGAAUCTT,73.0,13.0,"US20120088815A1,   EP2415869A1"
204,SM3583,GAUACUUCUGGUUCCCUCCTT,GGAGGGAACCAGAAGUAUCTT,53.0,13.0,"US20120088815A1, EP2415869A1"
205,SM3587,AGAGAAGGGCGUCUCUACATT,UGUAGAGACGCCCUUCUCUTT,83.0,13.0,"US20120088815A1,   EP2415869A1"
206,SM3591,AGUUUCUAGGGCCGUGGCCTT,GGCCACGGCCCUAGAAACUTT,90.0,13.0,"US20120088815A1, EP2415869A1"
207,SM3595,GAAGAGUUAACCCGGGACUTT,AGUCCCGGGUUAACUCUUCTT,62.0,13.0,"US20120088815A1,   EP2415869A1"
208,SM3599,CCGCCCGGCGGCGCCUUUATT,UAAAGGCGCCGCCGGGCGGTT,95.0,13.0,"US20120088815A1, EP2415869A1"
209,SM3603,ACCGACGAUUCUUCUACUCTT,GAGUAGAAGAAUCGUCGGUTT,73.0,13.0,"US20120088815A1,   EP2415869A1"
210,SM3607,GGUAGAAUAGGUUUUCCCCTT,GGGGAAAACCUAUUCUACCTT,54.0,13.0,"US20120088815A1, EP2415869A1"
211,SM3611,UCCCUUCCACCGCCAUAUUTT,AAUAUGGCGGUGGAAGGGATT,58.0,13.0,"US20120088815A1,   EP2415869A1"
212,SM3615,CGAGUGUCUAACGGGAGCCTT,GGCUCCCGUUAGACACUCGTT,70.0,13.0,"US20120088815A1, EP2415869A1"
213,SM3619,GACCACGAAGAGUUAACCCTT,GGGUUAACUCUUCGUGGUCTT,91.0,13.0,"US20120088815A1,   EP2415869A1"
214,SM3623,AGUUAACCCGGGACUUGGATT,UCCAAGUCCCGGGUUAACUTT,97.0,13.0,"US20120088815A1, EP2415869A1"
215,SM3627,AUCACAAACCCCUAGAGGGTT,CCCUCUAGGGGUUUGUGAUTT,35.0,13.0,"US20120088815A1,   EP2415869A1"
216,SM3631,AAACCCCUAGAGGGCAAGUTT,ACUUGCCCUCUAGGGGUUUTT,81.0,13.0,"US20120088815A1, EP2415869A1"
217,SM3635,UCCGGCUAACUCUGAGGACTT,GUCCUCAGAGUUAGCCGGATT,95.0,13.0,"US20120088815A1,   EP2415869A1"
218,SM3639,CGACGAUUCUUCUACUCAATT,UUGAGUAGAAGAAUCGUCGTT,72.0,13.0,"US20120088815A1, EP2415869A1"
219,SM3643,UAAACUUUGGGGAAGGGAGTT,CUCCCUUCCCCAAAGUUUATT,73.0,13.0,"US20120088815A1,   EP2415869A1"
220,SM3647,AGCGGGGUAUGAAGAGCUUTT,AAGCUCUUCAUACCCCGCUTT,95.0,13.0,"US20120088815A1, EP2415869A1"
221,SM3651,CUCCCCAGUCUCUCUUAAATT,UUUAAGAGAGACUGGGGAGTT,72.0,13.0,"US20120088815A1,   EP2415869A1"
222,SM3655,GAAUAACCUGAACGUCACCTT,GGUGACGUUCAGGUUAUUCTT,59.0,13.0,"US20120088815A1, EP2415869A1"
223,SM3659,ACGUCACCGAGGAGAAGUATT,UACUUCUCCUCGGUGACGUTT,65.0,13.0,"US20120088815A1,   EP2415869A1"
224,SM3663,AGAAGUACCAGGAGGCGUUTT,AACGCCUCCUGGUACUUCUTT,75.0,13.0,"US20120088815A1, EP2415869A1"
225,SM3667,AGCCCAGAUAGCUCUUCAGTT,CUGAAGAGCUAUCUGGGCUTT,72.0,13.0,"US20120088815A1,   EP2415869A1"
226,SM3671,AAACCUCAGCCCUAACGGUTT,ACCGUUAGGGCUGAGGUUUTT,94.0,13.0,"US20120088815A1, EP2415869A1"
227,SM3675,UUAAGGAGAAGCUGACGGCTT,GCCGUCAGCUUCUCCUUAATT,73.0,13.0,"US20120088815A1,   EP2415869A1"
228,SM3679,AAGGAACGGGGACACUUACTT,GUAAGUGUCCCCGUUCCUUTT,44.0,13.0,"US20120088815A1, EP2415869A1"
229,SM3683,GGAGCACGCUUACUACCUUTT,AAGGUAGUAAGCGUGCUCCTT,77.0,13.0,"US20120088815A1,   EP2415869A1"
230,SM3687,GGCGGGCUCUUUCCUAUUCTT,GAAUAGGAAAGAGCCCGCCTT,77.0,13.0,"US20120088815A1, EP2415869A1"
231,SM3691,CCGAGAGCUCUCCUACCUUTT,AAGGUAGGAGAGCUCUCGGTT,80.0,13.0,"US20120088815A1,   EP2415869A1"
232,SM3695,CUCUCCUACCUUCUCCUCUTT,AGAGGAGAAGGUAGGAGAGTT,83.0,13.0,"US20120088815A1, EP2415869A1"
233,SM3699,CUACCUUCUCCUCUUCUCCTT,GGAGAAGAGGAGAAGGUAGTT,75.0,13.0,"US20120088815A1,   EP2415869A1"
234,SM3703,AGCCUCCAAACUCCUAGCUTT,AGCUAGGAGUUUGGAGGCUTT,43.0,13.0,"US20120088815A1, EP2415869A1"
235,SM3707,UCCUAGCUGUCUUGUCCCUTT,AGGGACAAGACAGCUAGGATT,75.0,13.0,"US20120088815A1,   EP2415869A1"
236,SM3711,AUACUUGGCGGGCUCUUUCTT,GAAAGAGCCCGCCAAGUAUTT,53.0,13.0,"US20120088815A1, EP2415869A1"
237,SM3715,GGGGCUCUUCUACAUUCCCTT,GGGAAUGUAGAAGAGCCCCTT,77.0,13.0,"US20120088815A1,   EP2415869A1"
238,SM3719,GAGUAUUUCCGCUGGAACUTT,AGUUCCAGCGGAAAUACUCTT,87.0,13.0,"US20120088815A1, EP2415869A1"
239,SM3723,GCUGAGGAAAGGGACAUCUTT,AGAUGUCCCUUUCCUCAGCTT,85.0,13.0,"US20120088815A1,   EP2415869A1"
240,SM3727,GUACUCUGAUGAGGAAGAGTT,CUCUUCCUCAUCAGAGUACTT,75.0,13.0,"US20120088815A1, EP2415869A1"
241,SM3731,GGCCAAAGUAAUCGUGGUUTT,AACCACGAUUACUUUGGCCTT,93.0,13.0,"US20120088815A1,   EP2415869A1"
242,SM3735,GUCUAUGCCAAGAAGGGAGTT,CUCCCUUCUUGGCAUAGACTT,81.0,13.0,"US20120088815A1, EP2415869A1"
243,SM3739,UCUACACCGCGCCCCCCUCTT,GAGGGGGGCGCGGUGUAGATT,84.0,13.0,"US20120088815A1,   EP2415869A1"
244,SM3743,CGCCCCCCUCAAGCUACCGTT,CGGUAGCUUGAGGGGGGCGTT,81.0,13.0,"US20120088815A1, EP2415869A1"
245,SM3747,GCUACCGCAACCACGAGCUTT,AGCUCGUGGUUGCGGUAGCTT,47.0,13.0,"US20120088815A1,   EP2415869A1"
246,SM3751,CUCCUUCAUUCCAGCCUAUTT,AUAGGCUGGAAUGAAGGAGTT,84.0,13.0,"US20120088815A1, EP2415869A1"
247,SM3755,AGAAAAGCAGCGAUACGCUTT,AGCGUAUCGCUGCUUUUCUTT,78.0,13.0,"US20120088815A1,   EP2415869A1"
248,SM3759,GGAGCUAGACGGGUACGAGTT,CUCGUACCCGUCUAGCUCCTT,93.0,13.0,"US20120088815A1, EP2415869A1"
249,SM3763,CGGGUACGAGCCGGAACCUTT,AGGUUCCGGCUCGUACCCGTT,70.0,13.0,"US20120088815A1,   EP2415869A1"
250,SM3767,ACGGCUCGCUACCCUCGACTT,GUCGAGGGUAGCGAGCCGUTT,87.0,13.0,"US20120088815A1, EP2415869A1"
251,SM3771,AGAGGACCUAGAAGGCGGCTT,GCCGCCUUCUAGGUCCUCUTT,97.0,13.0,"US20120088815A1,   EP2415869A1"
252,SM3775,AACUCUACUGUGGAGUCGGTT,CCGACUCCACAGUAGAGUUTT,77.0,13.0,"US20120088815A1, EP2415869A1"
253,SM3779,AGAAACGCAGUAAUCCGGATT,UCCGGAUUACUGCGUUUCUTT,86.0,13.0,"US20120088815A1,   EP2415869A1"
254,SM3783,AGUAAUCCGGACUCAACUCTT,GAGUUGAGUCCGGAUUACUTT,72.0,13.0,"US20120088815A1, EP2415869A1"
255,SM3787,GAGGAAGAUGAGUUGUACCTT,GGUACAACUCAUCUUCCUCTT,81.0,13.0,"US20120088815A1,   EP2415869A1"
256,SM3791,AGAUGUUCUCGUAAGGACGTT,CGUCCUUACGAGAACAUCUTT,62.0,13.0,"US20120088815A1, EP2415869A1"
257,SM3795,UCUCGUAAGGACGAAACGATT,UCGUUUCGUCCUUACGAGATT,58.0,13.0,"US20120088815A1,   EP2415869A1"
258,SM3799,GCUGUAACCUCGGAGAGUUTT,AACUCUCCGAGGUUACAGCTT,71.0,13.0,"US20120088815A1, EP2415869A1"
259,SM3803,CCUCGGAGAGUUCUACUCUTT,AGAGUAGAACUCUCCGAGGTT,87.0,13.0,"US20120088815A1,   EP2415869A1"
260,SM3807,GCAAGUGGCAAGAGGAUUATT,UAAUCCUCUUGCCACUUGCTT,71.0,13.0,"US20120088815A1, EP2415869A1"
261,SM3811,AUGGGAGAAGUAGUCCCCCTT,GGGGGACUACUUCUCCCAUTT,86.0,13.0,"US20120088815A1,   EP2415869A1"
262,SM3815,AAGUAGUCCCCCUUGAAGATT,UCUUCAAGGGGGACUACUUTT,75.0,13.0,"US20120088815A1, EP2415869A1"
263,SM3819,GGUAGGGUUGAAGAGACUUTT,AAGUCUCUUCAACCCUACCTT,97.0,13.0,"US20120088815A1,   EP2415869A1"
264,SM3823,AGCGCUUAAAGGGCGAGAAGATT,UCUUCUCGCCCUUUAAGCGCUTT,86.0,13.0,"US20120088815A1, EP2415869A1"
265,SM3827,GGCCUUUCUCUCUAGAUAUTT,AUAUCUAGAGAGAAAGGCCTT,91.0,13.0,"US20120088815A1,   EP2415869A1"
266,SM3831,GCCUCUCUAUCCUUAGCUUTT,AAGCUAAGGAUAGAGAGGCTT,49.0,13.0,"US20120088815A1, EP2415869A1"
267,SM3835,AAGGACCUAGAGGAGUCACTT,GUGACUCCUCUAGGUCCUUTT,90.0,13.0,"US20120088815A1,   EP2415869A1"
268,SM3839,CUGACCGGAAGCGCUUAAATT,UUUAAGCGCUUCCGGUCAGTT,87.0,13.0,"US20120088815A1, EP2415869A1"
269,SM3843,UUAAAGGGCGAGAAGACCGTT,CGGUCUUCUCGCCCUUUAATT,89.0,13.0,"US20120088815A1,   EP2415869A1"
270,SM3847,GAAGAGCCUACACAACCCUTT,AGGGUUGUGUAGGCUCUUCTT,77.0,13.0,"US20120088815A1, EP2415869A1"
271,SM3851,CUAGAGGAUCUUGAAGACCTT,GGUCUUCAAGAUCCUCUAGTT,83.0,13.0,"US20120088815A1,   EP2415869A1"
272,SM3855,ACAUAGAGGAAGACGCGGATT,UCCGCGUCUUCCUCUAUGUTT,91.0,13.0,"US20120088815A1, EP2415869A1"
273,SM3859,AUCGUCGUCAGGGUAAGGUTT,ACCUUACCCUGACGACGAUTT,50.0,13.0,"US20120088815A1,   EP2415869A1"
274,SM3863,CUCUGGCCUUUCUCUCUAGTT,CUAGAGAGAAAGGCCAGAGTT,48.0,13.0,"US20120088815A1, EP2415869A1"
275,SM3867,GACAAGGGAAGGUUAGCCUTT,AGGCUAACCUUCCCUUGUCTT,73.0,13.0,"US20120088815A1,   EP2415869A1"
276,SM3871,AGACUAAGCCCAAAAGGGCTT,GCCCUUUUGGGCUUAGUCUTT,48.0,13.0,"US20120088815A1, EP2415869A1"
277,SM3875,CCUCCCCAUCCCCUUUUAATT,UUAAAAGGGGAUGGGGAGGTT,81.0,13.0,"US20120088815A1,   EP2415869A1"
278,SM3879,AUCAGAGGGAGGUCUUAGATT,UCUAAGACCUCCCUCUGAUTT,73.0,13.0,"US20120088815A1, EP2415869A1"
279,SM3883,GGGAGGUCUUAGAAAACACTT,GUGUUUUCUAAGACCUCCCTT,84.0,13.0,"US20120088815A1,   EP2415869A1"
280,SM3887,GGCUUAGUCACUCCUCUUCTT,GAAGAGGAGUGACUAAGCCTT,71.0,13.0,"US20120088815A1, EP2415869A1"
281,SM3891,ACCUUAAGGACCACCGGAUTT,AUCCGGUGGUCCUUAAGGUTT,77.0,13.0,"US20120088815A1,   EP2415869A1"
282,SM3895,CGGAUCUACACCUUCAAGATT,UCUUGAAGGUGUAGAUCCGTT,73.0,13.0,"US20120088815A1, EP2415869A1"
283,SM3899,UACCGAGAAUGAGCCUGAUTT,AUCAGGCUCAUUCUCGGUATT,57.0,13.0,"US20120088815A1,   EP2415869A1"
284,SM3903,GCUUUAAGGAACUGGAAGGTT,CCUUCCAGUUCCUUAAAGCTT,38.0,13.0,"US20120088815A1, EP2415869A1"
285,SM3907,UCCUCGUCGUCUGUUCUAATT,UUAGAACAGACGACGAGGATT,86.0,13.0,"US20120088815A1,   EP2415869A1"
286,SM3911,UUCUAACCGGGCAGCUUCUTT,AGAAGCUGCCCGGUUAGAATT,73.0,13.0,"US20120088815A1, EP2415869A1"
287,SM3915,GAGGAUGGAUUCGACUUAGTT,CUAAGUCGAAUCCAUCCUCTT,95.0,13.0,"US20120088815A1,   EP2415869A1"
288,SM3919,UAAAGCUGGAAAGGGACGGTT,CCGUCCCUUUCCAGCUUUATT,67.0,13.0,"US20120088815A1, EP2415869A1"
289,SM3923,GGAAGUAAGGACCAGAGACTT,GUCUCUGGUCCUUACUUCCTT,45.0,13.0,"US20120088815A1,   EP2415869A1"
290,SM3927,AAGGCCAACCGAUACUUCUTT,AGAAGUAUCGGUUGGCCUUTT,70.0,13.0,"US20120088815A1, EP2415869A1"
291,SM3931,GUUCACGUCCUACCCCUUUTT,AAAGGGGUAGGACGUGAACTT,67.0,13.0,"US20120088815A1,   EP2415869A1"
292,SM3935,AGAGUUGGGAUUAGGGCUUTT,AAGCCCUAAUCCCAACUCUTT,71.0,13.0,"US20120088815A1, EP2415869A1"
293,SM3939,UUACAAAGGAUCUCCUCCCTT,GGGAGGAGAUCCUUUGUAATT,81.0,13.0,"US20120088815A1,   EP2415869A1"
294,SM3943,AACAGCCUUACCCCGAUUCTT,GAAUCGGGGUAAGGCUGUUTT,70.0,13.0,"US20120088815A1, EP2415869A1"
295,SM3947,UUACCCCGAUUCAGCCUCUTT,AGAGGCUGAAUCGGGGUAATT,84.0,13.0,"US20120088815A1,   EP2415869A1"
296,SM3951,UAACCCCAAGAACGGGCUUTT,AAGCCCGUUCUUGGGGUUATT,75.0,13.0,"US20120088815A1, EP2415869A1"
297,SM3955,CUAGUCGAAAGAAAACGGGTT,CCCGUUUUCUUUCGACUAGTT,57.0,13.0,"US20120088815A1,   EP2415869A1"
298,SM3959,AGGACGGUACUUUCGAAAGTT,CUUUCGAAAGUACCGUCCUTT,46.0,13.0,"US20120088815A1, EP2415869A1"
299,SM3963,GUAUCCGAAGACGAAGCUATT,UAGCUUCGUCUUCGGAUACTT,97.0,13.0,"US20120088815A1,   EP2415869A1"
300,SM3967,AGAGAGGUGGAGGUAUCUCTT,GAGAUACCUCCACCUCUCUTT,91.0,13.0,"US20120088815A1, EP2415869A1"
301,SM3971,GAAAACGCUUGUAAAGCCGTT,CGGCUUUACAAGCGUUUUCTT,58.0,13.0,"US20120088815A1,   EP2415869A1"
302,SM3975,GCUGAACUAGUCGAAAGAATT,UUCUUUCGACUAGUUCAGCTT,81.0,13.0,"US20120088815A1, EP2415869A1"
303,SM3979,GGAAGAAGAUAGAGCAUCCTT,GGAUGCUCUAUCUUCUUCCTT,38.0,13.0,"US20120088815A1,   EP2415869A1"
304,SM3983,AUCUACCCAGCUCUCCCUUTT,AAGGGAGAGCUGGGUAGAUTT,79.0,13.0,"US20120088815A1, EP2415869A1"
305,SM3987,AGCGAUCCCGAACAAGUAUTT,AUACUUGUUCGGGAUCGCUTT,87.0,13.0,"US20120088815A1,   EP2415869A1"
306,SM3991,CGAAAGUGUAUCCGAAGACTT,GUCUUCGGAUACACUUUCGTT,77.0,13.0,"US20120088815A1, EP2415869A1"
307,SM3995,CCGAAGACGAAGCUAUGAATT,UUCAUAGCUUCGUCUUCGGTT,48.0,13.0,"US20120088815A1,   EP2415869A1"
308,SM3999,UCUCCCACCCAAUGGAGAU,AUCUCCAUUGGGUGGGAGATT,83.0,13.0,"US20120088815A1, EP2415869A1"
309,SM4003,AAACCAGGAAGGGGAAAUCTT,GAUUUCCCCUUCCUGGUUUTT,69.0,13.0,"US20120088815A1,   EP2415869A1"
310,SM4007,GAAGGGGAAAUCUGUGGUUTT,AACCACAGAUUUCCCCUUCTT,66.0,13.0,"US20120088815A1, EP2415869A1"
311,SM4011,GGGAGGAUGACAAAGAAGCTT,GCUUCUUUGUCAUCCUCCCTT,86.0,13.0,"US20120088815A1,   EP2415869A1"
312,SM4015,GAAACUGGUACUUUCCCCCTT,GGGGGAAAGUACCAGUUUCTT,90.0,13.0,"US20120088815A1, EP2415869A1"
313,SM4019,AUCGCUGCUCCUCCUCCUCTT,GAGGAGGAGGAGCAGCGAUTT,72.0,13.0,"US20120088815A1,   EP2415869A1"
314,SM4023,AGCUCUUUGUCACCUCUCUTT,AGAGAGGUGACAAAGAGCUTT,39.0,13.0,"US20120088815A1, EP2415869A1"
315,SM4027,AAUAAGCAGCUCGCGCUCCTT,GGAGCGCGAGCUGCUUAUUTT,58.0,13.0,"US20120088815A1,   EP2415869A1"
316,SM4031,CUAGAGGAUCUUGAAGACCTT,GGUCUUCAAGAUCCUCUAGTT,97.0,13.0,"US20120088815A1, EP2415869A1"
317,SM4035,AUCGACCUGAAGGAGUACGTT,CGUACUCCUUCAGGUCGAUTT,32.0,13.0,"US20120088815A1,   EP2415869A1"
318,SM4039,CCCUCCCCUGUCCCCGCUUTT,AAGCGGGGACAGGGGAGGGTT,75.0,13.0,"US20120088815A1, EP2415869A1"
319,SM4043,UUUGAUCAGCGGAGACUCGTT,CGAGUCUCCGCUGAUCAAATT,94.0,13.0,"US20120088815A1,   EP2415869A1"
320,SM4047,AGUUAACCCGGGACUUGGATT,UCCAAGUCCCGGGUUAACUTT,93.0,13.0,"US20120088815A1, EP2415869A1"
321,SM4051,AUCACAAACCCCUAGAGGGTT,CCCUCUAGGGGUUUGUGAUTT,77.0,13.0,"US20120088815A1,   EP2415869A1"
322,SM4055,AAACCCCUAGAGGGCAAGUTT,ACUUGCCCUCUAGGGGUUUTT,84.0,13.0,"US20120088815A1, EP2415869A1"
323,SM4059,GGAACCUCACAUCAACGCGCATT,UGCGCGUUGAUGUGAGGUUCCTT,70.0,13.0,"US20120088815A1,   EP2415869A1"
324,SM4063,UGAACGUCACCGAGGAGAATT,UUCUCCUCGGUGACGUUCATT,87.0,13.0,"US20120088815A1, EP2415869A1"
325,SM4067,AACCCAAAGGGGAGUUGCUTT,AGCAACUCCCCUUUGGGUUTT,97.0,13.0,"US20120088815A1,   EP2415869A1"
326,SM4071,AAAGGGGAGUUGCUGGAAGTT,CUUCCAGCAACUCCCCUUUTT,77.0,13.0,"US20120088815A1, EP2415869A1"
327,SM4075,AAACGUGACUUUGGUUCCUTT,AGGAACCAAAGUCACGUUUTT,86.0,13.0,"US20120088815A1,   EP2415869A1"
328,SM4079,GAAUAACCUGAACGUCACCTT,GGUGACGUUCAGGUUAUUCTT,72.0,13.0,"US20120088815A1, EP2415869A1"
329,SM4083,ACGUCACCGAGGAGAAGUATT,UACUUCUCCUCGGUGACGUTT,81.0,13.0,"US20120088815A1,   EP2415869A1"
330,SM4087,AGAAGUACCAGGAGGCGUUTT,AACGCCUCCUGGUACUUCUTT,62.0,13.0,"US20120088815A1, EP2415869A1"
331,SM4091,AAACCUCAGCCCUAACGGUTT,ACCGUUAGGGCUGAGGUUUTT,71.0,13.0,"US20120088815A1,   EP2415869A1"
332,SM4095,UUAAGGAGAAGCUGACGGCTT,GCCGUCAGCUUCUCCUUAATT,87.0,13.0,"US20120088815A1, EP2415869A1"
333,SM4099,AACUUCUGGGAGCCUCCAATT,UUGGAGGCUCCCAGAAGUUTT,75.0,13.0,"US20120088815A1,   EP2415869A1"
334,SM4103,CCAGCGAGCCCAAAAGAAATT,UUUCUUUUGGGCUCGCUGGTT,87.0,13.0,"US20120088815A1, EP2415869A1"
335,SM4107,CUCAAAUCAAGGCCGGAGUTT,ACUCCGGCCUUGAUUUGAGTT,86.0,13.0,"US20120088815A1,   EP2415869A1"
336,SM4111,AGCCUCCAAACUCCUAGCUTT,AGCUAGGAGUUUGGAGGCUTT,71.0,13.0,"US20120088815A1, EP2415869A1"
337,SM4115,AUACUUGGCGGGCUCUUUCTT,GAAAGAGCCCGCCAAGUAUTT,73.0,13.0,"US20120088815A1,   EP2415869A1"
338,SM4119,UUGGGGAAGCGGCCGGCGGTT,CCGCCGGCCGCUUCCCCAATT,84.0,13.0,"US20120088815A1, EP2415869A1"
339,SM4123,AAGGCAUGCUUCGGAAACUTT,AGUUUCCGAAGCAUGCCUUTT,96.0,13.0,"US20120088815A1,   EP2415869A1"
340,SM4127,GCUUCGGAAACUGGACAUCTT,GAUGUCCAGUUUCCGAAGCTT,91.0,13.0,"US20120088815A1, EP2415869A1"
341,SM4131,AACUCUACUGUGGAGUCGGTT,CCGACUCCACAGUAGAGUUTT,73.0,13.0,"US20120088815A1,   EP2415869A1"
342,SM4135,AGAAACGCAGUAAUCCGGATT,UCCGGAUUACUGCGUUUCUTT,87.0,13.0,"US20120088815A1, EP2415869A1"
343,SM4139,GGAAGUCCACCUUCUCCGATT,UCGGAGAAGGUGGACUUCCTT,55.0,13.0,"US20120088815A1,   EP2415869A1"
344,SM4143,CUCCGACAGAUGAAGGAAATT,UUUCCUUCAUCUGUCGGAGTT,73.0,13.0,"US20120088815A1, EP2415869A1"
345,SM4147,AAGGACCUAGAGGAGUCACTT,GUGACUCCUCUAGGUCCUUTT,83.0,13.0,"US20120088815A1,   EP2415869A1"
346,SM4151,CUGACCGGAAGCGCUUAAATT,UUUAAGCGCUUCCGGUCAGTT,90.0,13.0,"US20120088815A1, EP2415869A1"
347,SM4155,GAAGAGCCUACACAACCCUTT,AGGGUUGUGUAGGCUCUUCTT,76.0,13.0,"US20120088815A1,   EP2415869A1"
348,SM4159,ACAGAAAGAGUUCGAGGAGTT,CUCCUCGAACUCUUUCUGUTT,65.0,13.0,"US20120088815A1, EP2415869A1"
349,SM4163,AGGAGACCGUGACAUUUCGTT,CGAAAUGUCACGGUCUCCUTT,0.0,13.0,"US20120088815A1,   EP2415869A1"
350,SM4167,ACCUUAAGGACCACCGGAUTT,AUCCGGUGGUCCUUAAGGUTT,73.0,13.0,"US20120088815A1, EP2415869A1"
351,SM4171,CGGAUCUACACCUUCAAGATT,UCUUGAAGGUGUAGAUCCGTT,44.0,13.0,"US20120088815A1,   EP2415869A1"
352,SM4175,GCUUUAAGGAACUGGAAGGTT,CCUUCCAGUUCCUUAAAGCTT,77.0,13.0,"US20120088815A1, EP2415869A1"
353,SM4179,GAGAGAGACGGUGGAAGAATT,UUCUUCCACCGUCUCUCUCTT,75.0,13.0,"US20120088815A1,   EP2415869A1"
354,SM4183,AUCCUGCAGAAGAAGCCUCTT,GAGGCUUCUUCUGCAGGAUTT,53.0,13.0,"US20120088815A1, EP2415869A1"
355,SM4187,UCCUCGUCGUCUGUUCUAATT,UUAGAACAGACGACGAGGATT,84.0,13.0,"US20120088815A1,   EP2415869A1"
356,SM4191,AACCCACCACAGCUAGAACUU,GUUCUAGCUGUGGUGGGUUUU,89.0,13.0,"US20120088815A1, EP2415869A1"
357,SM4195,UUACAAAGGAUCUCCUCCCTT,GGGAGGAGAUCCUUUGUAATT,77.0,13.0,"US20120088815A1,   EP2415869A1"
358,SM4199,AAACGAGAGAGCCCACCUUTT,AAGGUGGGCUCUCUCGUUUTT,58.0,13.0,"US20120088815A1, EP2415869A1"
359,SM4203,AAAGCGGUGGAUCAGCUCUTT,AGAGCUGAUCCACCGCUUUTT,69.0,13.0,"US20120088815A1,   EP2415869A1"
360,SM4207,UCCAAGCUUCCUCGUUGGUTT,ACCAACGAGGAAGCUUGGATT,71.0,13.0,"US20120088815A1, EP2415869A1"
361,SM4211,AGAGAGGUGGAGGUAUCUCTT,GAGAUACCUCCACCUCUCUTT,90.0,13.0,"US20120088815A1,   EP2415869A1"
362,SM4215,CCGAAGACGAAGCUAUGAATT,UUCAUAGCUUCGUCUUCGGTT,73.0,13.0,"US20120088815A1, EP2415869A1"
363,SM4231,AACCUUACCCACCUCAUGUAUCU,AGAUACAUGAGGUGGGUAAGGUU,86.0,17.0,25233814
364,SM4250,AACCUUACCCACCUCAUGUAUCU,AGAUACAUGAGGUGGGUAAGGUU,97.0,17.0,25233814
365,SM4297,AAGUAAGGACCAGAGACAAA,UUUGUCUCUGGUCCUUACUU,55.0,1.5,15974578
366,SM4452,GGCCUUUCACUACUCCUACGA,GUAGGAGUAGUGAAAGGCCAG,82.0,1.0,21985606
367,SM4457,GGCCUUUCACUACUCCUACGA,GUAGGAGUAGUGAAAGGCCAG,0.0,100.0,21985606
368,SM4460,UCCUACAGCACAACAAAUGUG,CAUUUGUUGUGCUGUAGGAAG,50.0,50000.0,21985606
369,SM4466,UCCUACAGCACAACAAAUGUG,CAUUUGUUGUGCUGUAGGAAG,35.0,50000.0,21985606
370,SM4472,UCCUACAGCACAACAAAUGUG,CAUUUGUUGUGCUGUAGGAAG,0.0,1000.0,21985606
371,SM4478,UCCUACAGCACAACAAAUGUG,CAUUUGUUGUGCUGUAGGAAG,0.0,1000.0,21985606
372,SM4533,GGCCUUUCACUACUCCUACGA,GUAGGAGUAGUGAAAGGCCAG,58.0,0.19999999999998863,22236254
373,SM4597,GGCCUUUCACUACUCCUACTT,AGUAGGAGUAGUGAAAGGCCTT,97.0,33.0,22372696
374,SM4606,UAAGGCUAUGAAGAGAUACTT,AGUAUCUCUUCAUAGCCUUATT,1.0,33.0,22372696
375,SM4619,GGCCUUUCACUACUCCUACGA,GUAGGAGUAGUGAAAGGCCAG,82.0,1.0,22494497
376,SM4623,CUGGCCUUUCACUACUCCUACGAGCAC,GUGCUCGUAGGAGUAGUGAAAGGCCAG,80.0,1.0,22494497
377,SM4627,GGCCUUUCACUACUCCUACGA,GUAGGAGUAGUGAAAGGCCAG,58.0,0.19999999999998863,22494497
378,SM4631,CUGGCCUUUCACUACUCCUACGAGCAC,GUGCUCGUAGGAGUAGUGAAAGGCCAG,69.0,0.19999999999998863,22494497
379,SM4635,GGCCUUUCACUACUCCUACGA,GUAGGAGUAGUGAAAGGCCAG,12.0,600.0,22494497
380,SM4639,CUGGCCUUUCACUACUCCUACGAGCAC,GUGCUCGUAGGAGUAGUGAAAGGCCAG,0.0,600.0,22494497
381,SM4643,GGCCUUUCACUACUCCUACGA,GUAGGAGUAGUGAAAGGCCAG,0.0,50.0,22494497
382,SM4647,CUGGCCUUUCACUACUCCUACGAGCAC,GUGCUCGUAGGAGUAGUGAAAGGCCAG,0.0,50.0,22494497
383,SM4651,UCCUACAGCACAACAAAUGUG,CAUUUGUUGUGCUGUAGGAAG,75.0,100.0,22494497
384,SM4653,CUUCCUACAGCACAACAAAUGUGAAUG,CAUUCACAUUUGUUGUGCUGUAGGAAG,90.0,100.0,22494497
385,SM4655,UCCUACAGCACAACAAAUGUG,CAUUUGUUGUGCUGUAGGAAG,13.0,100.0,22494497
386,SM4657,CUUCCUACAGCACAACAAAUGUGAAUG,CAUUCACAUUUGUUGUGCUGUAGGAAG,36.0,100.0,22494497
387,SM4659,CUUACGCUGAGUACUUCGATT,UCGAAGUACUCAGCGUAAGTT,96.0,13.0,US 20080249039 A1
388,SM4828,UGAAUCAGAAGAUGAAGUCAA,GACUUCAUCUUCUGAUUCAAG,60.0,2.0,23820891
389,SM4832,UGAAUCAGAAGAUGAAGUCAA,GACUUCAUCUUCUGAUUCAAG,94.0,2.0,23820891
390,SM4855,GCGCGCUUUGUAGGAUUCGTT,CGAAUCCUACAAAGCGCGCTT,0.0,25.0,15919084
391,SM4856,CGUACGCGGAAUACUUCGATT,UCGAAGUAUUCCGCGUACGTT,95.4,25.0,15919084
392,SM4877,CGUACGCGGAAUACUUCGATT,UCGAAGUAUUCCGCGUACGTT,95.4,25.0,17150641
393,SM4885,AAACAUGCAGAAAAUGCUGTT,CAGCAUUUUCUGCAUGUUUTT,41.7,25.0,17150641
394,SM4893,CGUACGCGGAAUACUUCGATT,UCGAAGUAUUCCGCGUACGTT,95.4,25.0,17924376
395,SM4912,CGUACGCGGAAUACUUCGATT,UCGAAGUAUUCCGCGUACGTT,95.4,25.0,17924376
396,SM4932,AAACAUGCAGAAAAUGCUGTT,CAGCAUUUUCUGCAUGUUUTT,41.7,25.0,17924376
397,SM4951,AAACAUGCAGAAAAUGCCUTT,CAGCAUUUUCUGCAUGUUUTT,69.7,25.0,17924376
