,Unnamed: 0,SMId,Sense,AntiSense,"Efficacy, %","Concentration, nM",Trust,Reference
0,0,SM1442,GACGUAAACGGCCACAAGUUC,ACUUGUGGCCGUUUACGUCGC,85.5,10.0,,19282453
1,1,SM2172,AUCUGAAGAAGGAGAAAAATT,UUUUUCUCCUUCUUCAGAUTT,88.0,0.3,,19042976
2,2,SM2181,AUCUGAAGAAGGAGAAAAATT,UCCUUUCUUUCUUUCGAAUTT,2.0,0.3,,19042976
3,3,SM2190,CGUACGCGGAAUACUUCGAUU,UCGAAGUAUUCCGCGUACGUG,4.2,50.0,,18575806
4,4,SM2191,GCAGCACGACUUCUUCAAGUU,CUUGAAGAAGUCGUGCUGCUU,77.3,50.0,,18575806
5,5,SM2200,UAGUUCUGUGGGGCUGUUUUU,AAACAGCCCCACAGAACUAUU,45.3,17.98,low,18575806
6,6,SM2203,UUCUUCGAACGUGUCACGUTT,ACGUGACACGUUCGAAGAATT,26.0,2.0,,17894530
7,7,SM2204,CUGGAGCAAGUUGCAAAGCAUUGGAAU,AUUCCAAUGCUUUGCAACUUGCUCCAG,4.0,2.0,,17894530
8,8,SM2205,GGCCUUUCACUACUCCUACGA,GUAGGAGUAGUGAAAGGCCAG,88.0,2.0,,17894530
9,9,SM2206,GGCCUUUCACUACUCCUACGA,GUAGGAGUAGUGAAAGGCCAG,48.0,50.0,,17894530
10,10,SM2208,CUGGCCUUUCACUACUCCUACGAGCAC,GUGCUCGUAGGAGUAGUGAAAGGCCAG,87.0,2.0,,17894530
11,11,SM2217,CUGGCCUUUCACUACUCCUACGAGCAC,GUGCUCGUAGGAGUAGUGAAAGGCCAG,83.0,50.0,,17894530
12,12,SM2235,GGCCUUUCACUACUCCUACGAGCAC,GUGCUCGUAGGAGUAGUGAAAGGCCAG,83.0,0.5,,17894530
13,13,SM2239,AAGGAGAUCAACAUUUUCATT,UGAAAAUGUUGAUCUCCUUTT,81.0,2.0,,16598842
14,14,SM2264,AAGUAAGGACCAGAGACAAA,UUUGUCUCUGGUCCUUACUU,50.0,0.95,,16509579
15,15,SM2273,AAGUAAGGACCAGAGACAA,UUGUCUCUGGUCCUUACUU,50.0,0.4,,16509579
16,16,SM2287,AAGUAAGGACCAGAGACAATT,UUGUCUCUGGUCCUUACUUTT,66.0,2.0,,15715458
17,17,SM2289,AAGCAAGGAGAAGCGAUAA,UUAUCGCUUCUCGUUGCUU,0.0,2.0,,15715458
18,18,SM2290,GGGUAAAUACAUUCUUCAUTT,AUGAAGAAUGUAUUUACCCTT,62.0,2.0,,15715458
19,19,SM2292,GGGAAAGUAUCUUGUUUAU,AUAAACAAGAUACUUUCCC,10.0,2.0,,15715458
20,20,SM2314,ACAUGAAGCAGCACGACUUTT,AAGUCGUGCUGCUUCAUGUTT,90.0,20.0,,17585051
21,21,SM2315,AUGAAGCAGCACGACUUTT,AAGUCGUGCUGCUUCAUTT,75.0,20.0,,17585051
22,22,SM2316,GAAGCAGCACGACUUTT,AAGUCGUGCUGCUUCTT,5.0,20.0,,17585051
23,23,SM2320,AGCUUUGUGGAGAUGGUGGTT,CCACCAUCUCCACAAAGCUTT,70.0,5.0,,17585051
24,24,SM2323,AUACAGGCAGCAGUAACUUUTT,AAAGUUACUGCUGCCUGUAUTT,62.0,1.0,,17585051
25,25,SM2343,AUCUGAAGAAGGAGAAAAATT,UUUUUCUCCUUCUUCAGAUTT,91.0,0.8,,23764303
26,26,SM2348,CGUGACCGCACACCCAAUATT,UAUUGGGUGUGCGGUCACGGT,26.0,10.0,,23743442
27,27,SM2349,ACCUUGAGGCAUACUUCAATT,UUGAAGUAUGCCUCAAGGUCG,90.0,10.0,,23743442
28,28,SM2370,CUUCUUCGUCGAGACCAUGTT,CAUGGUCUCGACGAAGAAGTT,35.0,0.1,,23743279
29,29,SM2377,CUUCUUCGUCGAGACCAUGTT,CAUGGUCUCGACGAAGAAGTT,64.0,1.0,,23743279
30,30,SM2384,CUUCUUCGUCGAGACCAUGTT,CAUGGUCUCGACGAAGAAGTT,82.0,10.0,,23743279
31,31,SM2410,AAUCAGACAAGUUCUUCAUTT,AUGAAGAACUUGUCUGAUUTT,96.0,1.0,,23682800
32,32,SM2416,AAUCAGACAAGUUCUUCAUTT,AUGAAGAACUUGUCUGAUUTT,83.0,0.1,,23682800
33,33,SM2435,GGAUAUUGUCAGUCUUUAGGUU,CCUAAAGACUGACAAUAUCCUU,62.0,1.0,,23449220
34,34,SM2441,GGAUAUUGUCAGUCUUUAGGUU,CCUAAAGACUGACAAUAUCCUU,82.0,1.0,,23449220
35,35,SM2447,AUCUGAAGAAGGAGAAAAATT,UUUUUCUCCUUCUUCAGAUTT,50.0,0.025,,23362010
36,36,SM2478,GGCCUUUCACUACUCCUACGA,GUAGGAGUAGUGAAAGGCCAG,83.0,1.0,,22982308
37,37,SM2486,CAGCAAACCACGAUCAAUATT,UAUUGAUCGUGGUUUGCUGTT,71.0,50.0,,22889374
38,38,SM2489,CAGAGCAAUUGUUUACCUATT,UAGGUAAACAAUUGCUCUGTT,73.0,50.0,,22889374
39,39,SM2492,GGAUUGACCUCUCAUAUAATT,UUAUAUGAGAGGUCAAUCCTT,0.0,50.0,,22889374
40,40,SM2497,CGUUAGCAGAAACAAAAGGAG,CUCCUUUUGUUUCUGCUAACG,55.7,47.7,low,12771196
41,41,SM2498,CGUGAGCACAAAGAAAAUGAG,CUCAUUUUCUUUGUGCUCACG,54.2,27.7,low,12771196
42,42,SM2503,UGGAAUGAACCACUGGAAUUU,AAAUUCCAGUGGUUCAUUCCA,55.3,11.4,low,12771196
43,43,SM2505,CGAGGGGAGUACAUCAAGAUU,UCUUGAUGUACUCCCCUCGUU,52.6,20.2,low,12771196
44,44,SM2506,CGAGGGGAGUACAUCAAGACC,UCUUGAUGUACUCCCCUCGUU,75.1,23.9,low,12771196
45,45,SM2509,GAGGGGAGUACAUCAAGAC,CUUGAUGUACUCCCCUCUG,59.9,34.0,low,12771196
46,46,SM2533,UCUUGAUGUACUCCCCUCGTT,CGAGGGGAGUACAUCAAGATT,74.0,11.244,low,12771196
47,47,SM2539,AAUUCCAGUGGUUCAUUCC,GGAAUGAACCACUGGAAUU,60.9,14.11,low,12771196
48,48,SM2544,UGGCCAAUGCCAAGGAGAUUU,AUCUCCUUGGCAUUGGCCAUU,16.0,0.1,,17511001
49,49,SM2553,UGGCCAAUGCCAAGGAGAUUU,AUCUCCUUGGCAUUGGCCAUU,49.0,1.0,,17511001
50,50,SM2562,UGGCCAAUGCCAAGGAGAUUU,AUCUCCUUGGCAUUGGCCAUU,60.0,5.0,,17511001
51,51,SM2571,UGGCCAAUGCCAAGGAGAUUU,AUCUCCUUGGCAUUGGCCAUU,90.0,20.0,,17511001
52,52,SM2585,CUUACGCUGAGUACUUCGATT,UCGAAGUACUCAGCGUAAGTT,50.0,0.21,low,17163665
53,53,SM2594,CUUACGCUGAGUACUUCGATT,UCGAAGUACUCAGCGUAAGTT,50.0,0.92,low,17163665
54,54,SM2599,CUUACGCUGAGUACUUCGATT,UCGAAGUACUCAGCGUAATT,35.0,10.0,,17881374
55,55,SM2601,GCGGAUCAAACCUCACCAATT,UUGGUGAGGUUUGAUCCGCTT,93.0,17.0,,17881374
56,56,SM2606,GACGUAAACGGCCACAAGUUC,ACUUGUGGCCGUUUACGUCGC,71.0,10.0,,17904849
57,57,SM2613,CGUACGCGGAAUACUUCGAUU,UCGAAGUAUUCCGCGUACGUU,69.0,25.0,,18094121
58,58,SM2614,CGUACGCGGAAUACUUCGAUU,TCGAAGUAUUCCGCGUACGUU,75.0,25.0,,18094121
59,59,SM2616,TGUACGCGGAAUACUUCGAUU,UCGAAGUAUUCCGCGUACGUU,65.0,25.0,,18094121
60,60,SM2618,UUAGUCGAAUGCAAGACAAUT,UUGUCUUGCAUUCGACUAAUT,90.0,25.0,,18094121
61,61,SM2622,UUAAGAUCUGUUAUCCGCAUT,UGCGGAUAACAGAUCUUAAUT,89.0,25.0,,18094121
62,62,SM2626,UUAAGAUCUGUUAUCCGCAUT,UGCGGAUAACAGAUCUUAAUT,70.0,25.0,,18094121
63,63,SM2627,UUAAGAUCUGUUAUCCGCAUT,AGCGGAUAACAGAUCUUAAUT,69.0,25.0,,18094121
64,64,SM2628,UUAAGAUCUGUUAUCCGCAUT,UCCGGAUAACAGAUCUUAAUT,76.0,25.0,,18094121
65,65,SM2629,UUAAGAUCUGUUAUCCGCAUT,UGGGGAUAACAGAUCUUAAUT,65.0,25.0,,18094121
66,66,SM2630,UUAAGAUCUGUUAUCCGCAUT,UGCCGAUAACAGAUCUUAAUT,60.0,25.0,,18094121
67,67,SM2631,UUAAGAUCUGUUAUCCGCAUT,UGCGCAUAACAGAUCUUAAUT,61.0,25.0,,18094121
68,68,SM2635,CGAUGUGUCUAUUGAAGAUUC,AUCUUCAAUAGACACAUCGGC,3.0,0.002,,18367449
69,69,SM2637,CGAUGUGUCUAUUGAAGAUUC,AUCUUCAAUAGACACAUCGGC,14.0,0.02,,18367449
70,70,SM2639,CGAUGUGUCUAUUGAAGAUUC,AUCUUCAAUAGACACAUCGGC,55.0,0.2,,18367449
71,71,SM2641,CGAUGUGUCUAUUGAAGAUUC,AUCUUCAAUAGACACAUCGGC,68.0,2.0,,18367449
72,72,SM2644,CUUACGCUGAGUACUUCGATT,UCGAAGUACUCAGCGUAAGTT,88.0,25.0,,19233658
73,73,SM2658,UCGAAGUAUUCCGCGUACGTT,CGUACGCGGAAUACUUCGATT,83.0,100.0,,19325750
74,74,SM2662,UCGAAGUAUUCCGCGUACGTT,CGUACGCGGAAUACUUCGATT,80.0,10.0,,19325750
75,75,SM2666,UCGAAGUAUUCCGCGUACGTT,CGUACGCGGAAUACUUCGATT,75.0,1.0,,19325750
76,76,SM2670,UCGAAGUAUUCCGCGUACGTT,CGUACGCGGAAUACUUCGATT,64.0,0.1,,19325750
77,77,SM2676,CUAAGGACCUAACAAAGUUUU,AACUUUGUUAGGUCCUUAGUU,0.0,10.0,,20005874
78,78,SM2685,CUAAGGACCUAACAAAGUUUUU,AACUUUGUUAGGUCCUUAGUU,51.8,24.1,low,20005874
79,79,SM2687,UUCUCCGAACGUGUCACGUUUU,ACGUGACACGUUCGGAGAAUUU,48.5,16.7,low,20005874
80,80,SM2706,UCGAAGUAUUCCGCGUACGTT,CGUACGCGGAAUACUUCGATT,78.0,0.032,,20485810
81,81,SM2713,UCGAAGUAUUCCGCGUACGTT,CGUACGCGGAAUACUUCGATT,74.0,0.032,,20485810
82,82,SM2720,UCGAAGUAUUCCGCGUACGTT,CGUACGCGGAAUACUUCGATT,75.0,0.32,,20485810
83,83,SM2727,UCGAAGUAUUCCGCGUACGTT,CGUACGCGGAAUACUUCGATT,72.0,0.32,,20485810
84,84,SM2741,UCGAAGUAUUCCGCGUACGTT,CGUACGCGGAAUACUUCGATT,67.0,0.32,,20485810
85,85,SM2748,UCGAAGUAUUCCGCGUACGTT,CGUACGCGGAAUACUUCGATT,77.0,0.32,,20485810
86,86,SM2755,UCGAAGUAUUCCGCGUACGTT,CGUACGCGGAAUACUUCGATT,69.0,0.32,,20485810
87,87,SM2762,UCGAAGUAUUCCGCGUACGTT,CGUACGCGGAAUACUUCGATT,66.0,0.32,,20485810
88,88,SM2769,UCGAAGUAUUCCGCGUACGTT,CGUACGCGGAAUACUUCGATT,70.0,0.32,,20485810
89,89,SM2821,CUUACGCUGAGUACUUCGATT,TCGAAGUACUCAGCGUAAGTT,50.0,0.144,low,20610434
90,90,SM2827,CUUACGCUGAGUACUUCGAAA,UCGAAGUACUCAGCGUAAGUG,50.0,0.144,low,20610434
91,91,SM2837,AAGUAAGGACCAGAGACAATT,UUGUCUCUGGUCCUUACUUTT,50.0,0.179,low,20610434
92,92,SM2838,AAGUAAGGACCAGAGACAATT,UUGUCUCUGGUCCUUACUUTT,50.0,0.092,low,20610434
93,93,SM2839,AAGUAAGGACCAGAGACAATT,UUGUCUCUGGUCCUUACUUTT,50.0,0.076,low,20610434
94,94,SM2840,AAGUAAGGACCAGAGACAATT,UUGUCUCUGGUCCUUACUUTT,50.0,0.066,low,20610434
95,95,SM2841,AAGUAAGGACCAGAGACAATT,UUGUCUCUGGUCCUUACUUTT,50.0,0.052,low,20610434
96,96,SM2842,AAGUAAGGACCAGAGACAATT,UUGUCUCUGGUCCUUACUUTT,50.0,0.021,low,20610434
97,97,SM2843,AAGUAAGGACCAGAGACAATT,UUGUCUCUGGUCCUUACUUTT,50.0,0.053,low,20610434
98,98,SM2848,CAAGUGUCAUCACACUGAATT,UUCAGUGUGAUGACACUUGTT,61.0,10.0,,21942264
99,99,SM2868,CAAGUGUCAUCACACUGAATT,UUCAGUGUGAUGACACUUGTT,81.0,10.0,,21942264
100,100,SM2915,GACUUAGACUGACACAAGUUC,CUUGUGUCAGUCUAAGUCGC,60.8,10.8,low,21687525
101,101,SM2940,AAGCUGACCCUGAAGUUCAUCUGCACC,GGUGCAGAUGAACUUCAGGGUCAGCUU,82.0,1.56,,21739319
102,102,SM2946,AAGCUGACCCUGAAGUUCAUCUGCACC,GGUGCAGAUGAACUUCAGGGUCAGCUU,91.0,1.56,,21739319
103,103,SM2976,GCAGCACGACUUCUUCAAGTT,CUUGAAGAAGUCGUGCUGCTT,93.0,50.0,,12923253
104,104,SM3002,GCAGCACGACUUCUUCAAGTT,CUUGAAGAAGUCGUGCUGCTT,35.0,50.0,,12923253
105,105,SM3003,GCAGCACGACUUCUUCAAGTT,CUUGAAGAAGUCGUGCUGCTT,77.0,50.0,,12923253
106,106,SM3008,GACGUAAACGGCCACAAGUUCU,ACUUGUGGCCGUUUACGUCGCU,89.0,10.0,,22287630
107,107,SM3016,GUUCACCUUGAUGCCGUUCUU,GAACGGCAUCAAGGUGAACUU,78.0,25.0,,15545637
108,108,SM3031,GUUCACCUUGAUGCCGUUCUU,GAACGGAACUACGGUGAACUU,0.0,25.0,,15545637
109,109,SM3033,GUUCACCUUGAUGCCGUUCUU,GCACGACUUCUUCAAGUCCUU,65.0,25.0,,15545637
110,110,SM3036,GUUCACCUUGAUGCCGUUCUU,GCACGCUUCUUCAAAGUCCUU,0.0,25.0,,15545637
111,111,SM3037,CUUACGCUGAGUACUUCGATT,UCGAAGUACUCAGCGUAAGTT,95.0,13.0,,15653644
112,112,SM3038,AUCUGAAGAAGGAGAAAAATT,UUUUUCUCCUUCUUCAGAUTT,90.0,13.0,,15653644
113,113,SM3039,UGAGAGAAAGCACAGAAAATT,UUUUCUGUGCUUUCUCUCATT,73.0,13.0,,15653644
114,114,SM3041,UCCAGAACAAAACCAAACGGTT,CCGUUUGGUUUGUUCUGGATT,28.0,13.0,,15653644
115,115,SM3042,GGACGAGGAAGGCAAUUUATT,UAAAUUGCCUUCCUCAUCCTT,48.0,13.0,,15653644
116,116,SM3043,CUGGUACGAUUUCGGUGAUTT,AGCACCGAAAUCGUACCAGTT,0.0,13.0,,15653644
117,117,SM3044,ACUGUCAAACCCGGUAAUUTT,AAUUACCGGGUUUGACAGUTT,15.0,13.0,,15653644
118,118,SM3089,GCUUGAAGUCUUUAAUUAATT,UUAAUUAAAGACUUCAAGCGG,50.0,0.16,,17284457
119,119,SM3090,GCUUGAAGUCUUUAAUUAATT,UUAAUUAAAGACUUCAAGCGG,50.0,0.04,,17284457
120,120,SM3100,GCUUGAAGUCUUUAAUUAAGG,UUAAUUAAAGACUUCAAGCGG,50.0,0.87,,17284457
121,121,SM3129,CUUCCUCUCUUUCUCUCCCUUGUGA,UCACAAGGGAGAGAAAGAGAGGAAGGA,0.0,10.0,,18637735
122,122,SM3130,GCACCAGAGCCAAUGGAACUUGATG,CAUCAAGUUCCAUUGGCUCUGGUGCUU,93.0,10.0,,18637735
123,123,SM3147,CUUCCUCUCUUUCUCUCCCUUGUGA,UCACAAGGGAGAGAAAGAGAGGAAGGA,0.0,1.0,,18637735
124,124,SM3148,GCACCAGAGCCAAUGGAACUUGATG,CAUCAAGUUCCAUUGGCUCUGGUGCUU,95.0,1.0,,18637735
125,125,SM3165,CUUCCUCUCUUUCUCUCCCUUGUGA,UCACAAGGGAGAGAAAGAGAGGAAGGA,0.0,0.1,,18637735
126,126,SM3166,GCACCAGAGCCAAUGGAACUUGATG,CAUCAAGUUCCAUUGGCUCUGGUGCUU,87.0,0.1,,18637735
127,127,SM3183,GCCAGACUUUGUUGGAUUUGAAATT,AAUUUCAAAUCCAACAAAGUCUGGCUU,0.0,0.1,,18637735
128,128,SM3184,ACCCUGAAGUUCAUCUGCACCACCG,CGGUGGUGCAGAUGAACUUCAGGGUCA,34.0,0.1,,18637735
129,129,SM3189,GCCAGACUUUGUUGGAUUUGAAATT,AAUUUCAAAUCCAACAAAGUCUGGCUU,0.0,1.0,,18637735
130,130,SM3190,ACCCUGAAGUUCAUCUGCACCACCG,CGGUGGUGCAGAUGAACUUCAGGGUCA,96.0,1.0,,18637735
131,131,SM3195,GCCAGACUUUGUUGGAUUUGAAATT,AAUUUCAAAUCCAACAAAGUCUGGCUU,0.0,10.0,,18637735
132,132,SM3196,ACCCUGAAGUUCAUCUGCACCACCG,CGGUGGUGCAGAUGAACUUCAGGGUCA,98.0,10.0,,18637735
133,133,SM3202,GCCAGACUUUGUUGGAUUUUGAAATT,AAUUUCAAAUCCAACAAAGUCUGGCUU,81.0,0.1,,18637735
134,134,SM3205,GCCAGACUUUGUUGGAUUUUGAAATT,AAUUUCAAAUCCAACAAAGUCUGGCUU,93.0,1.0,,18637735
135,135,SM3208,GCCAGACUUUGUUGGAUUUUGAAATT,AAUUUCAAAUCCAACAAAGUCUGGCUU,96.0,10.0,,18637735
136,136,SM3211,GCCAGUAAUUCAGCAGUUUGAACAA,UUGUUCAAACUGCUGAAUUACUGGCUG,43.0,0.01,,18637735
137,137,SM3215,GCAUUCCAGAGAAAGCGUUUAAUTT,AAAUUAAACGCUUUCUCUGGAAUGCCU,54.0,0.01,,18637735
138,138,SM3217,GCCAGUAAUUCAGCAGUUUGAACAA,UUGUUCAAACUGCUGAAUUACUGGCUG,78.0,0.05,,18637735
139,139,SM3221,GCAUUCCAGAGAAAGCGUUUAAUTT,AAAUUAAACGCUUUCUCUGGAAUGCCU,83.0,0.05,,18637735
140,140,SM3223,GCCAGUAAUUCAGCAGUUUGAACAA,UUGUUCAAACUGCUGAAUUACUGGCUG,89.0,0.025,,18637735
141,141,SM3227,GCAUUCCAGAGAAAGCGUUUAAUTT,AAAUUAAACGCUUUCUCUGGAAUGCCU,87.0,0.025,,18637735
142,142,SM3229,GUGGGAGCGCGUGAUGAACTT,GUUCAUCACGCGCUCCCACTT,0.0,50.0,,18776474
143,143,SM3230,GCAGCACGACUUCUUCAAGTT,CUUGAAGAAGUCGUGCUGCTT,80.0,50.0,,18776474
144,144,SM3234,GCAGCACGACUUCUUCAAGTT,CUUGAAGAAGUCGUGCUGCTT,77.0,20.0,,21687522
145,145,SM3235,GUGGGAGCGCGUGAUGAACTT,GUUCAUCACGCGCUCCCACTT,0.0,20.0,,21687522
146,146,SM3248,GCAGCACGACUUCUUCAAGTT,CUUGAAGAAGUCGUGCUGCTT,52.0,5.0,,21687522
147,147,SM3249,GUGGGAGCGCGUGAUGAACTT,GUUCAUCACGCGCUCCCACTT,0.0,5.0,,21687522
148,148,SM3262,GCAGCACGACUUCUUCAAGTT,CUUGAAGAAGUCGUGCUGCTT,26.0,2.0,,21687522
149,149,SM3263,GUGGGAGCGCGUGAUGAACTT,GUUCAUCACGCGCUCCCACTT,0.0,2.0,,21687522
150,150,SM3276,GUAUUGACAGCUAUUCGAATT,UUCGAAUAGCUGUCAAUACTT,36.0,50.0,,17264131
151,151,SM3307,GCACGAAUCCUAAACCUCAUU,UGAGGUUUAGGAUUCGUGCUU,89.0,20.0,,19948766
158,158,SM3337,ACGAAUCCUAAACCUCA,UGAGGUUUAGGAUUCGUGC,95.0,20.0,,19948766
159,159,SM3350,AGACGAGCUGAGCGAGAAGTT,TTUCUGCUCGACUCGCUCUUC,68.3,11.9,low,12834349
160,160,SM3369,CUUACGCUGAGUACUUCGAUU,UUUGAAUGCGACUCAUGAAGCU,61.8,13.44,low,18066804
161,161,SM3372,GUGGUAUUGUUCCUCCUAATT,UUAGGAGGAACAAUACCACTT,50.0,22.8,low,16343994
162,162,SM3375,GUGAUCAGACUCAAUACGAAU,AUUCGUAUUGAGUCUGAUCACAC,50.0,22.8,low,16343994
163,163,SM3377,GUCAUCACACUGAAUACCAAU,AUUGGUAUUCAGUGUGAUGACAC,50.0,22.8,low,16343994
164,164,SM3381,UUGAUGUGUUUAGUCGCUAUU,UAGCGACUAAACACAUCAAUU,50.0,22.8,low,16343994
165,165,SM3383,TTAUCUCCAUGCACGACUCCG,UAGAGGUACGUGCUGAGGCTT,34.0,37.5,low,17979170
166,166,SM3388,GGACCACCGCAUCUCUACATT,GGACCACCGCAUCUCUACATT,43.8,14.4,low,20704260
167,167,SM3405,CGAUGUGUCUAUUGAAGAUUC,CGGCUACACAGAUAACUUCUA,55.4,9.002,low,18367449
168,168,SM3440,AGCGCUUAAAGGGCGAGAAGAUU,UCUUCUCGCCCUUUAAGCGCUUU,84.0,13.0,,"US20120088815A1, EP2415869A1"
169,169,SM3458,AGCGCUUAAAGGGCGAGAAGAUU,UCUUCUCGCCCUUUAAGCGCUUU,85.0,13.0,,"US20120088815A1,   EP2415869A1"
170,170,SM3465,AACCCACCACAGCUAGAACUU,AAGUUCUAGCUGUGGUGGGUU,86.0,13.0,,"US20120088815A1, EP2415869A1"
171,171,SM3483,AACCCACCACAGCUAGAACUU,AAGUUCUAGCUGUGGUGGGUU,78.0,13.0,,"US20120088815A1,   EP2415869A1"
172,172,SM3503,AGAAGGACUACUAACCUCCTT,GGAGGUUAGUAGUCCUUCUTT,83.0,13.0,,"US20120088815A1, EP2415869A1"
173,173,SM3507,GGACUACUAACCUCCAGUUTT,AACUGGAGGUUAGUAGUCCTT,69.0,13.0,,"US20120088815A1,   EP2415869A1"
174,174,SM3511,GAAACUGGUACUUUCCCCCTT,GGGGGAAAGUACCAGUUUCTT,69.0,13.0,,"US20120088815A1, EP2415869A1"
175,175,SM3515,UUUCCCCCAGGUAACGAUUTT,AAUCGUUACCUGGGGGAAATT,70.0,13.0,,"US20120088815A1,   EP2415869A1"
176,176,SM3519,CCCCAGGUAACGAUUUUCUTT,AGAAAAUCGUUACCUGGGGTT,86.0,13.0,,"US20120088815A1, EP2415869A1"
177,177,SM3523,GGGAAACUGAAAGGCUAUGTT,CAUAGCCUUUCAGUUUCCCTT,57.0,13.0,,"US20120088815A1,   EP2415869A1"
178,178,SM3527,GCGAGCAGAGAAUCUACCUTT,AGGUAGAUUCUCUGCUCGCTT,97.0,13.0,,"US20120088815A1, EP2415869A1"
179,179,SM3531,GCAGAGAAUCUACCUUUCCTT,GGAAAGGUAGAUUCUCUGCTT,79.0,13.0,,"US20120088815A1,   EP2415869A1"
180,180,SM3535,ACCUUUCCACUUCUAAGCCTT,GGCUUAGAAGUGGAAAGGUTT,84.0,13.0,,"US20120088815A1, EP2415869A1"
181,181,SM3539,CUAAGCCUGUUUCUUCCUCTT,GAGGAAGAAACAGGCUUAGTT,90.0,13.0,,"US20120088815A1,   EP2415869A1"
182,182,SM3543,GAAGAUAGGAAGGGGCUUCTT,GAAGCCCCUUCCUAUCUUCTT,55.0,13.0,,"US20120088815A1, EP2415869A1"
183,183,SM3547,AAUAAGCAGCUCGCGCUCCTT,GGAGCGCGAGCUGCUUAUUTT,73.0,13.0,,"US20120088815A1,   EP2415869A1"
184,184,SM3551,UAGCCAGAGCCAAAGAAGCTT,GCUUCUUUGGCUCUGGCUATT,93.0,13.0,,"US20120088815A1, EP2415869A1"
185,185,SM3555,AACAGUCCUUAGCUACGCUTT,AGCGUAGCUAAGGACUGUUTT,49.0,13.0,,"US20120088815A1,   EP2415869A1"
186,186,SM3559,CUAGAGGAUCUUGAAGACCTT,GGUCUUCAAGAUCCUCUAGTT,72.0,13.0,,"US20120088815A1, EP2415869A1"
187,187,SM3563,AUCGACCUGAAGGAGUACGTT,CGUACUCCUUCAGGUCGAUTT,52.0,13.0,,"US20120088815A1,   EP2415869A1"
188,188,SM3567,GAUAGGAAGGGGCUUCAGCTT,GCUGAAGCCCCUUCCUAUCTT,53.0,13.0,,"US20120088815A1, EP2415869A1"
189,189,SM3571,AGUCCCUGGAGCCUUAAACTT,GUUUAAGGCUCCAGGGACUTT,72.0,13.0,,"US20120088815A1,   EP2415869A1"
190,190,SM3575,AGCCACAUUUCUAGGAGAUTT,AUCUCCUAGAAAUGUGGCUTT,39.0,13.0,,"US20120088815A1, EP2415869A1"
191,191,SM3579,GAUUCCAAACCCCACUAUCTT,GAUAGUGGGGUUUGGAAUCTT,73.0,13.0,,"US20120088815A1,   EP2415869A1"
192,192,SM3583,GAUACUUCUGGUUCCCUCCTT,GGAGGGAACCAGAAGUAUCTT,53.0,13.0,,"US20120088815A1, EP2415869A1"
193,193,SM3587,AGAGAAGGGCGUCUCUACATT,UGUAGAGACGCCCUUCUCUTT,83.0,13.0,,"US20120088815A1,   EP2415869A1"
194,194,SM3591,AGUUUCUAGGGCCGUGGCCTT,GGCCACGGCCCUAGAAACUTT,90.0,13.0,,"US20120088815A1, EP2415869A1"
195,195,SM3595,GAAGAGUUAACCCGGGACUTT,AGUCCCGGGUUAACUCUUCTT,62.0,13.0,,"US20120088815A1,   EP2415869A1"
196,196,SM3599,CCGCCCGGCGGCGCCUUUATT,UAAAGGCGCCGCCGGGCGGTT,95.0,13.0,,"US20120088815A1, EP2415869A1"
197,197,SM3603,ACCGACGAUUCUUCUACUCTT,GAGUAGAAGAAUCGUCGGUTT,73.0,13.0,,"US20120088815A1,   EP2415869A1"
198,198,SM3607,GGUAGAAUAGGUUUUCCCCTT,GGGGAAAACCUAUUCUACCTT,54.0,13.0,,"US20120088815A1, EP2415869A1"
199,199,SM3611,UCCCUUCCACCGCCAUAUUTT,AAUAUGGCGGUGGAAGGGATT,58.0,13.0,,"US20120088815A1,   EP2415869A1"
200,200,SM3615,CGAGUGUCUAACGGGAGCCTT,GGCUCCCGUUAGACACUCGTT,70.0,13.0,,"US20120088815A1, EP2415869A1"
201,201,SM3619,GACCACGAAGAGUUAACCCTT,GGGUUAACUCUUCGUGGUCTT,91.0,13.0,,"US20120088815A1,   EP2415869A1"
202,202,SM3623,AGUUAACCCGGGACUUGGATT,UCCAAGUCCCGGGUUAACUTT,97.0,13.0,,"US20120088815A1, EP2415869A1"
203,203,SM3627,AUCACAAACCCCUAGAGGGTT,CCCUCUAGGGGUUUGUGAUTT,35.0,13.0,,"US20120088815A1,   EP2415869A1"
204,204,SM3631,AAACCCCUAGAGGGCAAGUTT,ACUUGCCCUCUAGGGGUUUTT,81.0,13.0,,"US20120088815A1, EP2415869A1"
205,205,SM3635,UCCGGCUAACUCUGAGGACTT,GUCCUCAGAGUUAGCCGGATT,95.0,13.0,,"US20120088815A1,   EP2415869A1"
206,206,SM3639,CGACGAUUCUUCUACUCAATT,UUGAGUAGAAGAAUCGUCGTT,72.0,13.0,,"US20120088815A1, EP2415869A1"
207,207,SM3643,UAAACUUUGGGGAAGGGAGTT,CUCCCUUCCCCAAAGUUUATT,73.0,13.0,,"US20120088815A1,   EP2415869A1"
208,208,SM3647,AGCGGGGUAUGAAGAGCUUTT,AAGCUCUUCAUACCCCGCUTT,95.0,13.0,,"US20120088815A1, EP2415869A1"
209,209,SM3651,CUCCCCAGUCUCUCUUAAATT,UUUAAGAGAGACUGGGGAGTT,72.0,13.0,,"US20120088815A1,   EP2415869A1"
210,210,SM3655,GAAUAACCUGAACGUCACCTT,GGUGACGUUCAGGUUAUUCTT,59.0,13.0,,"US20120088815A1, EP2415869A1"
211,211,SM3659,ACGUCACCGAGGAGAAGUATT,UACUUCUCCUCGGUGACGUTT,65.0,13.0,,"US20120088815A1,   EP2415869A1"
212,212,SM3663,AGAAGUACCAGGAGGCGUUTT,AACGCCUCCUGGUACUUCUTT,75.0,13.0,,"US20120088815A1, EP2415869A1"
213,213,SM3667,AGCCCAGAUAGCUCUUCAGTT,CUGAAGAGCUAUCUGGGCUTT,72.0,13.0,,"US20120088815A1,   EP2415869A1"
214,214,SM3671,AAACCUCAGCCCUAACGGUTT,ACCGUUAGGGCUGAGGUUUTT,94.0,13.0,,"US20120088815A1, EP2415869A1"
215,215,SM3675,UUAAGGAGAAGCUGACGGCTT,GCCGUCAGCUUCUCCUUAATT,73.0,13.0,,"US20120088815A1,   EP2415869A1"
216,216,SM3679,AAGGAACGGGGACACUUACTT,GUAAGUGUCCCCGUUCCUUTT,44.0,13.0,,"US20120088815A1, EP2415869A1"
217,217,SM3683,GGAGCACGCUUACUACCUUTT,AAGGUAGUAAGCGUGCUCCTT,77.0,13.0,,"US20120088815A1,   EP2415869A1"
218,218,SM3687,GGCGGGCUCUUUCCUAUUCTT,GAAUAGGAAAGAGCCCGCCTT,77.0,13.0,,"US20120088815A1, EP2415869A1"
219,219,SM3691,CCGAGAGCUCUCCUACCUUTT,AAGGUAGGAGAGCUCUCGGTT,80.0,13.0,,"US20120088815A1,   EP2415869A1"
220,220,SM3695,CUCUCCUACCUUCUCCUCUTT,AGAGGAGAAGGUAGGAGAGTT,83.0,13.0,,"US20120088815A1, EP2415869A1"
221,221,SM3699,CUACCUUCUCCUCUUCUCCTT,GGAGAAGAGGAGAAGGUAGTT,75.0,13.0,,"US20120088815A1,   EP2415869A1"
222,222,SM3703,AGCCUCCAAACUCCUAGCUTT,AGCUAGGAGUUUGGAGGCUTT,43.0,13.0,,"US20120088815A1, EP2415869A1"
223,223,SM3707,UCCUAGCUGUCUUGUCCCUTT,AGGGACAAGACAGCUAGGATT,75.0,13.0,,"US20120088815A1,   EP2415869A1"
224,224,SM3711,AUACUUGGCGGGCUCUUUCTT,GAAAGAGCCCGCCAAGUAUTT,53.0,13.0,,"US20120088815A1, EP2415869A1"
225,225,SM3715,GGGGCUCUUCUACAUUCCCTT,GGGAAUGUAGAAGAGCCCCTT,77.0,13.0,,"US20120088815A1,   EP2415869A1"
226,226,SM3719,GAGUAUUUCCGCUGGAACUTT,AGUUCCAGCGGAAAUACUCTT,87.0,13.0,,"US20120088815A1, EP2415869A1"
227,227,SM3723,GCUGAGGAAAGGGACAUCUTT,AGAUGUCCCUUUCCUCAGCTT,85.0,13.0,,"US20120088815A1,   EP2415869A1"
228,228,SM3727,GUACUCUGAUGAGGAAGAGTT,CUCUUCCUCAUCAGAGUACTT,75.0,13.0,,"US20120088815A1, EP2415869A1"
229,229,SM3731,GGCCAAAGUAAUCGUGGUUTT,AACCACGAUUACUUUGGCCTT,93.0,13.0,,"US20120088815A1,   EP2415869A1"
230,230,SM3735,GUCUAUGCCAAGAAGGGAGTT,CUCCCUUCUUGGCAUAGACTT,81.0,13.0,,"US20120088815A1, EP2415869A1"
231,231,SM3739,UCUACACCGCGCCCCCCUCTT,GAGGGGGGCGCGGUGUAGATT,84.0,13.0,,"US20120088815A1,   EP2415869A1"
232,232,SM3743,CGCCCCCCUCAAGCUACCGTT,CGGUAGCUUGAGGGGGGCGTT,81.0,13.0,,"US20120088815A1, EP2415869A1"
233,233,SM3747,GCUACCGCAACCACGAGCUTT,AGCUCGUGGUUGCGGUAGCTT,47.0,13.0,,"US20120088815A1,   EP2415869A1"
234,234,SM3751,CUCCUUCAUUCCAGCCUAUTT,AUAGGCUGGAAUGAAGGAGTT,84.0,13.0,,"US20120088815A1, EP2415869A1"
235,235,SM3755,AGAAAAGCAGCGAUACGCUTT,AGCGUAUCGCUGCUUUUCUTT,78.0,13.0,,"US20120088815A1,   EP2415869A1"
236,236,SM3759,GGAGCUAGACGGGUACGAGTT,CUCGUACCCGUCUAGCUCCTT,93.0,13.0,,"US20120088815A1, EP2415869A1"
237,237,SM3763,CGGGUACGAGCCGGAACCUTT,AGGUUCCGGCUCGUACCCGTT,70.0,13.0,,"US20120088815A1,   EP2415869A1"
238,238,SM3767,ACGGCUCGCUACCCUCGACTT,GUCGAGGGUAGCGAGCCGUTT,87.0,13.0,,"US20120088815A1, EP2415869A1"
239,239,SM3771,AGAGGACCUAGAAGGCGGCTT,GCCGCCUUCUAGGUCCUCUTT,97.0,13.0,,"US20120088815A1,   EP2415869A1"
240,240,SM3775,AACUCUACUGUGGAGUCGGTT,CCGACUCCACAGUAGAGUUTT,77.0,13.0,,"US20120088815A1, EP2415869A1"
241,241,SM3779,AGAAACGCAGUAAUCCGGATT,UCCGGAUUACUGCGUUUCUTT,86.0,13.0,,"US20120088815A1,   EP2415869A1"
242,242,SM3783,AGUAAUCCGGACUCAACUCTT,GAGUUGAGUCCGGAUUACUTT,72.0,13.0,,"US20120088815A1, EP2415869A1"
243,243,SM3787,GAGGAAGAUGAGUUGUACCTT,GGUACAACUCAUCUUCCUCTT,81.0,13.0,,"US20120088815A1,   EP2415869A1"
244,244,SM3791,AGAUGUUCUCGUAAGGACGTT,CGUCCUUACGAGAACAUCUTT,62.0,13.0,,"US20120088815A1, EP2415869A1"
245,245,SM3795,UCUCGUAAGGACGAAACGATT,UCGUUUCGUCCUUACGAGATT,58.0,13.0,,"US20120088815A1,   EP2415869A1"
246,246,SM3799,GCUGUAACCUCGGAGAGUUTT,AACUCUCCGAGGUUACAGCTT,71.0,13.0,,"US20120088815A1, EP2415869A1"
247,247,SM3803,CCUCGGAGAGUUCUACUCUTT,AGAGUAGAACUCUCCGAGGTT,87.0,13.0,,"US20120088815A1,   EP2415869A1"
248,248,SM3807,GCAAGUGGCAAGAGGAUUATT,UAAUCCUCUUGCCACUUGCTT,71.0,13.0,,"US20120088815A1, EP2415869A1"
249,249,SM3811,AUGGGAGAAGUAGUCCCCCTT,GGGGGACUACUUCUCCCAUTT,86.0,13.0,,"US20120088815A1,   EP2415869A1"
250,250,SM3815,AAGUAGUCCCCCUUGAAGATT,UCUUCAAGGGGGACUACUUTT,75.0,13.0,,"US20120088815A1, EP2415869A1"
251,251,SM3819,GGUAGGGUUGAAGAGACUUTT,AAGUCUCUUCAACCCUACCTT,97.0,13.0,,"US20120088815A1,   EP2415869A1"
252,252,SM3823,AGCGCUUAAAGGGCGAGAAGATT,UCUUCUCGCCCUUUAAGCGCUTT,86.0,13.0,,"US20120088815A1, EP2415869A1"
253,253,SM3827,GGCCUUUCUCUCUAGAUAUTT,AUAUCUAGAGAGAAAGGCCTT,91.0,13.0,,"US20120088815A1,   EP2415869A1"
254,254,SM3831,GCCUCUCUAUCCUUAGCUUTT,AAGCUAAGGAUAGAGAGGCTT,49.0,13.0,,"US20120088815A1, EP2415869A1"
255,255,SM3835,AAGGACCUAGAGGAGUCACTT,GUGACUCCUCUAGGUCCUUTT,90.0,13.0,,"US20120088815A1,   EP2415869A1"
256,256,SM3839,CUGACCGGAAGCGCUUAAATT,UUUAAGCGCUUCCGGUCAGTT,87.0,13.0,,"US20120088815A1, EP2415869A1"
257,257,SM3843,UUAAAGGGCGAGAAGACCGTT,CGGUCUUCUCGCCCUUUAATT,89.0,13.0,,"US20120088815A1,   EP2415869A1"
258,258,SM3847,GAAGAGCCUACACAACCCUTT,AGGGUUGUGUAGGCUCUUCTT,77.0,13.0,,"US20120088815A1, EP2415869A1"
259,259,SM3851,CUAGAGGAUCUUGAAGACCTT,GGUCUUCAAGAUCCUCUAGTT,83.0,13.0,,"US20120088815A1,   EP2415869A1"
260,260,SM3855,ACAUAGAGGAAGACGCGGATT,UCCGCGUCUUCCUCUAUGUTT,91.0,13.0,,"US20120088815A1, EP2415869A1"
261,261,SM3859,AUCGUCGUCAGGGUAAGGUTT,ACCUUACCCUGACGACGAUTT,50.0,13.0,,"US20120088815A1,   EP2415869A1"
262,262,SM3863,CUCUGGCCUUUCUCUCUAGTT,CUAGAGAGAAAGGCCAGAGTT,48.0,13.0,,"US20120088815A1, EP2415869A1"
263,263,SM3867,GACAAGGGAAGGUUAGCCUTT,AGGCUAACCUUCCCUUGUCTT,73.0,13.0,,"US20120088815A1,   EP2415869A1"
264,264,SM3871,AGACUAAGCCCAAAAGGGCTT,GCCCUUUUGGGCUUAGUCUTT,48.0,13.0,,"US20120088815A1, EP2415869A1"
265,265,SM3875,CCUCCCCAUCCCCUUUUAATT,UUAAAAGGGGAUGGGGAGGTT,81.0,13.0,,"US20120088815A1,   EP2415869A1"
266,266,SM3879,AUCAGAGGGAGGUCUUAGATT,UCUAAGACCUCCCUCUGAUTT,73.0,13.0,,"US20120088815A1, EP2415869A1"
267,267,SM3883,GGGAGGUCUUAGAAAACACTT,GUGUUUUCUAAGACCUCCCTT,84.0,13.0,,"US20120088815A1,   EP2415869A1"
268,268,SM3887,GGCUUAGUCACUCCUCUUCTT,GAAGAGGAGUGACUAAGCCTT,71.0,13.0,,"US20120088815A1, EP2415869A1"
269,269,SM3891,ACCUUAAGGACCACCGGAUTT,AUCCGGUGGUCCUUAAGGUTT,77.0,13.0,,"US20120088815A1,   EP2415869A1"
270,270,SM3895,CGGAUCUACACCUUCAAGATT,UCUUGAAGGUGUAGAUCCGTT,73.0,13.0,,"US20120088815A1, EP2415869A1"
271,271,SM3899,UACCGAGAAUGAGCCUGAUTT,AUCAGGCUCAUUCUCGGUATT,57.0,13.0,,"US20120088815A1,   EP2415869A1"
272,272,SM3903,GCUUUAAGGAACUGGAAGGTT,CCUUCCAGUUCCUUAAAGCTT,38.0,13.0,,"US20120088815A1, EP2415869A1"
273,273,SM3907,UCCUCGUCGUCUGUUCUAATT,UUAGAACAGACGACGAGGATT,86.0,13.0,,"US20120088815A1,   EP2415869A1"
274,274,SM3911,UUCUAACCGGGCAGCUUCUTT,AGAAGCUGCCCGGUUAGAATT,73.0,13.0,,"US20120088815A1, EP2415869A1"
275,275,SM3915,GAGGAUGGAUUCGACUUAGTT,CUAAGUCGAAUCCAUCCUCTT,95.0,13.0,,"US20120088815A1,   EP2415869A1"
276,276,SM3919,UAAAGCUGGAAAGGGACGGTT,CCGUCCCUUUCCAGCUUUATT,67.0,13.0,,"US20120088815A1, EP2415869A1"
277,277,SM3923,GGAAGUAAGGACCAGAGACTT,GUCUCUGGUCCUUACUUCCTT,45.0,13.0,,"US20120088815A1,   EP2415869A1"
278,278,SM3927,AAGGCCAACCGAUACUUCUTT,AGAAGUAUCGGUUGGCCUUTT,70.0,13.0,,"US20120088815A1, EP2415869A1"
279,279,SM3931,GUUCACGUCCUACCCCUUUTT,AAAGGGGUAGGACGUGAACTT,67.0,13.0,,"US20120088815A1,   EP2415869A1"
280,280,SM3935,AGAGUUGGGAUUAGGGCUUTT,AAGCCCUAAUCCCAACUCUTT,71.0,13.0,,"US20120088815A1, EP2415869A1"
281,281,SM3939,UUACAAAGGAUCUCCUCCCTT,GGGAGGAGAUCCUUUGUAATT,81.0,13.0,,"US20120088815A1,   EP2415869A1"
282,282,SM3943,AACAGCCUUACCCCGAUUCTT,GAAUCGGGGUAAGGCUGUUTT,70.0,13.0,,"US20120088815A1, EP2415869A1"
283,283,SM3947,UUACCCCGAUUCAGCCUCUTT,AGAGGCUGAAUCGGGGUAATT,84.0,13.0,,"US20120088815A1,   EP2415869A1"
284,284,SM3951,UAACCCCAAGAACGGGCUUTT,AAGCCCGUUCUUGGGGUUATT,75.0,13.0,,"US20120088815A1, EP2415869A1"
285,285,SM3955,CUAGUCGAAAGAAAACGGGTT,CCCGUUUUCUUUCGACUAGTT,57.0,13.0,,"US20120088815A1,   EP2415869A1"
286,286,SM3959,AGGACGGUACUUUCGAAAGTT,CUUUCGAAAGUACCGUCCUTT,46.0,13.0,,"US20120088815A1, EP2415869A1"
287,287,SM3963,GUAUCCGAAGACGAAGCUATT,UAGCUUCGUCUUCGGAUACTT,97.0,13.0,,"US20120088815A1,   EP2415869A1"
288,288,SM3967,AGAGAGGUGGAGGUAUCUCTT,GAGAUACCUCCACCUCUCUTT,91.0,13.0,,"US20120088815A1, EP2415869A1"
289,289,SM3971,GAAAACGCUUGUAAAGCCGTT,CGGCUUUACAAGCGUUUUCTT,58.0,13.0,,"US20120088815A1,   EP2415869A1"
290,290,SM3975,GCUGAACUAGUCGAAAGAATT,UUCUUUCGACUAGUUCAGCTT,81.0,13.0,,"US20120088815A1, EP2415869A1"
291,291,SM3979,GGAAGAAGAUAGAGCAUCCTT,GGAUGCUCUAUCUUCUUCCTT,38.0,13.0,,"US20120088815A1,   EP2415869A1"
292,292,SM3983,AUCUACCCAGCUCUCCCUUTT,AAGGGAGAGCUGGGUAGAUTT,79.0,13.0,,"US20120088815A1, EP2415869A1"
293,293,SM3987,AGCGAUCCCGAACAAGUAUTT,AUACUUGUUCGGGAUCGCUTT,87.0,13.0,,"US20120088815A1,   EP2415869A1"
294,294,SM3991,CGAAAGUGUAUCCGAAGACTT,GUCUUCGGAUACACUUUCGTT,77.0,13.0,,"US20120088815A1, EP2415869A1"
295,295,SM3995,CCGAAGACGAAGCUAUGAATT,UUCAUAGCUUCGUCUUCGGTT,48.0,13.0,,"US20120088815A1,   EP2415869A1"
296,296,SM3999,UCUCCCACCCAAUGGAGAU,AUCUCCAUUGGGUGGGAGATT,83.0,13.0,,"US20120088815A1, EP2415869A1"
297,297,SM4003,AAACCAGGAAGGGGAAAUCTT,GAUUUCCCCUUCCUGGUUUTT,69.0,13.0,,"US20120088815A1,   EP2415869A1"
298,298,SM4007,GAAGGGGAAAUCUGUGGUUTT,AACCACAGAUUUCCCCUUCTT,66.0,13.0,,"US20120088815A1, EP2415869A1"
299,299,SM4011,GGGAGGAUGACAAAGAAGCTT,GCUUCUUUGUCAUCCUCCCTT,86.0,13.0,,"US20120088815A1,   EP2415869A1"
300,300,SM4015,GAAACUGGUACUUUCCCCCTT,GGGGGAAAGUACCAGUUUCTT,90.0,13.0,,"US20120088815A1, EP2415869A1"
301,301,SM4019,AUCGCUGCUCCUCCUCCUCTT,GAGGAGGAGGAGCAGCGAUTT,72.0,13.0,,"US20120088815A1,   EP2415869A1"
302,302,SM4023,AGCUCUUUGUCACCUCUCUTT,AGAGAGGUGACAAAGAGCUTT,39.0,13.0,,"US20120088815A1, EP2415869A1"
303,303,SM4027,AAUAAGCAGCUCGCGCUCCTT,GGAGCGCGAGCUGCUUAUUTT,58.0,13.0,,"US20120088815A1,   EP2415869A1"
304,304,SM4031,CUAGAGGAUCUUGAAGACCTT,GGUCUUCAAGAUCCUCUAGTT,97.0,13.0,,"US20120088815A1, EP2415869A1"
305,305,SM4035,AUCGACCUGAAGGAGUACGTT,CGUACUCCUUCAGGUCGAUTT,32.0,13.0,,"US20120088815A1,   EP2415869A1"
306,306,SM4039,CCCUCCCCUGUCCCCGCUUTT,AAGCGGGGACAGGGGAGGGTT,75.0,13.0,,"US20120088815A1, EP2415869A1"
307,307,SM4043,UUUGAUCAGCGGAGACUCGTT,CGAGUCUCCGCUGAUCAAATT,94.0,13.0,,"US20120088815A1,   EP2415869A1"
308,308,SM4047,AGUUAACCCGGGACUUGGATT,UCCAAGUCCCGGGUUAACUTT,93.0,13.0,,"US20120088815A1, EP2415869A1"
309,309,SM4051,AUCACAAACCCCUAGAGGGTT,CCCUCUAGGGGUUUGUGAUTT,77.0,13.0,,"US20120088815A1,   EP2415869A1"
310,310,SM4055,AAACCCCUAGAGGGCAAGUTT,ACUUGCCCUCUAGGGGUUUTT,84.0,13.0,,"US20120088815A1, EP2415869A1"
311,311,SM4059,GGAACCUCACAUCAACGCGCATT,UGCGCGUUGAUGUGAGGUUCCTT,70.0,13.0,,"US20120088815A1,   EP2415869A1"
312,312,SM4063,UGAACGUCACCGAGGAGAATT,UUCUCCUCGGUGACGUUCATT,87.0,13.0,,"US20120088815A1, EP2415869A1"
313,313,SM4067,AACCCAAAGGGGAGUUGCUTT,AGCAACUCCCCUUUGGGUUTT,97.0,13.0,,"US20120088815A1,   EP2415869A1"
314,314,SM4071,AAAGGGGAGUUGCUGGAAGTT,CUUCCAGCAACUCCCCUUUTT,77.0,13.0,,"US20120088815A1, EP2415869A1"
315,315,SM4075,AAACGUGACUUUGGUUCCUTT,AGGAACCAAAGUCACGUUUTT,86.0,13.0,,"US20120088815A1,   EP2415869A1"
316,316,SM4079,GAAUAACCUGAACGUCACCTT,GGUGACGUUCAGGUUAUUCTT,72.0,13.0,,"US20120088815A1, EP2415869A1"
317,317,SM4083,ACGUCACCGAGGAGAAGUATT,UACUUCUCCUCGGUGACGUTT,81.0,13.0,,"US20120088815A1,   EP2415869A1"
318,318,SM4087,AGAAGUACCAGGAGGCGUUTT,AACGCCUCCUGGUACUUCUTT,62.0,13.0,,"US20120088815A1, EP2415869A1"
319,319,SM4091,AAACCUCAGCCCUAACGGUTT,ACCGUUAGGGCUGAGGUUUTT,71.0,13.0,,"US20120088815A1,   EP2415869A1"
320,320,SM4095,UUAAGGAGAAGCUGACGGCTT,GCCGUCAGCUUCUCCUUAATT,87.0,13.0,,"US20120088815A1, EP2415869A1"
321,321,SM4099,AACUUCUGGGAGCCUCCAATT,UUGGAGGCUCCCAGAAGUUTT,75.0,13.0,,"US20120088815A1,   EP2415869A1"
322,322,SM4103,CCAGCGAGCCCAAAAGAAATT,UUUCUUUUGGGCUCGCUGGTT,87.0,13.0,,"US20120088815A1, EP2415869A1"
323,323,SM4107,CUCAAAUCAAGGCCGGAGUTT,ACUCCGGCCUUGAUUUGAGTT,86.0,13.0,,"US20120088815A1,   EP2415869A1"
324,324,SM4111,AGCCUCCAAACUCCUAGCUTT,AGCUAGGAGUUUGGAGGCUTT,71.0,13.0,,"US20120088815A1, EP2415869A1"
325,325,SM4115,AUACUUGGCGGGCUCUUUCTT,GAAAGAGCCCGCCAAGUAUTT,73.0,13.0,,"US20120088815A1,   EP2415869A1"
326,326,SM4119,UUGGGGAAGCGGCCGGCGGTT,CCGCCGGCCGCUUCCCCAATT,84.0,13.0,,"US20120088815A1, EP2415869A1"
327,327,SM4123,AAGGCAUGCUUCGGAAACUTT,AGUUUCCGAAGCAUGCCUUTT,96.0,13.0,,"US20120088815A1,   EP2415869A1"
328,328,SM4127,GCUUCGGAAACUGGACAUCTT,GAUGUCCAGUUUCCGAAGCTT,91.0,13.0,,"US20120088815A1, EP2415869A1"
329,329,SM4131,AACUCUACUGUGGAGUCGGTT,CCGACUCCACAGUAGAGUUTT,73.0,13.0,,"US20120088815A1,   EP2415869A1"
330,330,SM4135,AGAAACGCAGUAAUCCGGATT,UCCGGAUUACUGCGUUUCUTT,87.0,13.0,,"US20120088815A1, EP2415869A1"
331,331,SM4139,GGAAGUCCACCUUCUCCGATT,UCGGAGAAGGUGGACUUCCTT,55.0,13.0,,"US20120088815A1,   EP2415869A1"
332,332,SM4143,CUCCGACAGAUGAAGGAAATT,UUUCCUUCAUCUGUCGGAGTT,73.0,13.0,,"US20120088815A1, EP2415869A1"
333,333,SM4147,AAGGACCUAGAGGAGUCACTT,GUGACUCCUCUAGGUCCUUTT,83.0,13.0,,"US20120088815A1,   EP2415869A1"
334,334,SM4151,CUGACCGGAAGCGCUUAAATT,UUUAAGCGCUUCCGGUCAGTT,90.0,13.0,,"US20120088815A1, EP2415869A1"
335,335,SM4155,GAAGAGCCUACACAACCCUTT,AGGGUUGUGUAGGCUCUUCTT,76.0,13.0,,"US20120088815A1,   EP2415869A1"
336,336,SM4159,ACAGAAAGAGUUCGAGGAGTT,CUCCUCGAACUCUUUCUGUTT,65.0,13.0,,"US20120088815A1, EP2415869A1"
337,337,SM4163,AGGAGACCGUGACAUUUCGTT,CGAAAUGUCACGGUCUCCUTT,0.0,13.0,,"US20120088815A1,   EP2415869A1"
338,338,SM4167,ACCUUAAGGACCACCGGAUTT,AUCCGGUGGUCCUUAAGGUTT,73.0,13.0,,"US20120088815A1, EP2415869A1"
339,339,SM4171,CGGAUCUACACCUUCAAGATT,UCUUGAAGGUGUAGAUCCGTT,44.0,13.0,,"US20120088815A1,   EP2415869A1"
340,340,SM4175,GCUUUAAGGAACUGGAAGGTT,CCUUCCAGUUCCUUAAAGCTT,77.0,13.0,,"US20120088815A1, EP2415869A1"
341,341,SM4179,GAGAGAGACGGUGGAAGAATT,UUCUUCCACCGUCUCUCUCTT,75.0,13.0,,"US20120088815A1,   EP2415869A1"
342,342,SM4183,AUCCUGCAGAAGAAGCCUCTT,GAGGCUUCUUCUGCAGGAUTT,53.0,13.0,,"US20120088815A1, EP2415869A1"
343,343,SM4187,UCCUCGUCGUCUGUUCUAATT,UUAGAACAGACGACGAGGATT,84.0,13.0,,"US20120088815A1,   EP2415869A1"
344,344,SM4191,AACCCACCACAGCUAGAACUU,GUUCUAGCUGUGGUGGGUUUU,89.0,13.0,,"US20120088815A1, EP2415869A1"
345,345,SM4195,UUACAAAGGAUCUCCUCCCTT,GGGAGGAGAUCCUUUGUAATT,77.0,13.0,,"US20120088815A1,   EP2415869A1"
346,346,SM4199,AAACGAGAGAGCCCACCUUTT,AAGGUGGGCUCUCUCGUUUTT,58.0,13.0,,"US20120088815A1, EP2415869A1"
347,347,SM4203,AAAGCGGUGGAUCAGCUCUTT,AGAGCUGAUCCACCGCUUUTT,69.0,13.0,,"US20120088815A1,   EP2415869A1"
348,348,SM4207,UCCAAGCUUCCUCGUUGGUTT,ACCAACGAGGAAGCUUGGATT,71.0,13.0,,"US20120088815A1, EP2415869A1"
349,349,SM4211,AGAGAGGUGGAGGUAUCUCTT,GAGAUACCUCCACCUCUCUTT,90.0,13.0,,"US20120088815A1,   EP2415869A1"
350,350,SM4215,CCGAAGACGAAGCUAUGAATT,UUCAUAGCUUCGUCUUCGGTT,73.0,13.0,,"US20120088815A1, EP2415869A1"
351,351,SM4231,AACCUUACCCACCUCAUGUAUCU,AGAUACAUGAGGUGGGUAAGGUU,86.0,17.0,,25233814
352,352,SM4250,AACCUUACCCACCUCAUGUAUCU,AGAUACAUGAGGUGGGUAAGGUU,97.0,17.0,,25233814
353,353,SM4297,AAGUAAGGACCAGAGACAAA,UUUGUCUCUGGUCCUUACUU,55.0,1.5,,15974578
354,354,SM4452,GGCCUUUCACUACUCCUACGA,GUAGGAGUAGUGAAAGGCCAG,82.0,1.0,,21985606
355,355,SM4457,GGCCUUUCACUACUCCUACGA,GUAGGAGUAGUGAAAGGCCAG,0.0,100.0,,21985606
356,356,SM4533,GGCCUUUCACUACUCCUACGA,GUAGGAGUAGUGAAAGGCCAG,58.0,0.2,,22236254
357,357,SM4597,GGCCUUUCACUACUCCUACTT,AGUAGGAGUAGUGAAAGGCCTT,97.0,33.0,,22372696
358,358,SM4606,UAAGGCUAUGAAGAGAUACTT,AGUAUCUCUUCAUAGCCUUATT,1.0,33.0,,22372696
359,359,SM4623,CUGGCCUUUCACUACUCCUACGAGCAC,GUGCUCGUAGGAGUAGUGAAAGGCCAG,80.0,1.0,,22494497
360,360,SM4631,CUGGCCUUUCACUACUCCUACGAGCAC,GUGCUCGUAGGAGUAGUGAAAGGCCAG,69.0,0.2,,22494497
361,361,SM4635,GGCCUUUCACUACUCCUACGA,GUAGGAGUAGUGAAAGGCCAG,12.0,600.0,,22494497
362,362,SM4639,CUGGCCUUUCACUACUCCUACGAGCAC,GUGCUCGUAGGAGUAGUGAAAGGCCAG,0.0,600.0,,22494497
363,363,SM4643,GGCCUUUCACUACUCCUACGA,GUAGGAGUAGUGAAAGGCCAG,0.0,50.0,,22494497
364,364,SM4647,CUGGCCUUUCACUACUCCUACGAGCAC,GUGCUCGUAGGAGUAGUGAAAGGCCAG,0.0,50.0,,22494497
365,365,SM4651,UCCUACAGCACAACAAAUGUG,CAUUUGUUGUGCUGUAGGAAG,75.0,100.0,,22494497
366,366,SM4653,CUUCCUACAGCACAACAAAUGUGAAUG,CAUUCACAUUUGUUGUGCUGUAGGAAG,90.0,100.0,,22494497
367,367,SM4655,UCCUACAGCACAACAAAUGUG,CAUUUGUUGUGCUGUAGGAAG,13.0,100.0,,22494497
368,368,SM4657,CUUCCUACAGCACAACAAAUGUGAAUG,CAUUCACAUUUGUUGUGCUGUAGGAAG,36.0,100.0,,22494497
369,369,SM4659,CUUACGCUGAGUACUUCGATT,UCGAAGUACUCAGCGUAAGTT,96.0,13.0,,US 20080249039 A1
370,370,SM4828,UGAAUCAGAAGAUGAAGUCAA,GACUUCAUCUUCUGAUUCAAG,60.0,2.0,,23820891
371,371,SM4832,UGAAUCAGAAGAUGAAGUCAA,GACUUCAUCUUCUGAUUCAAG,94.0,2.0,,23820891
372,372,SM4855,GCGCGCUUUGUAGGAUUCGTT,CGAAUCCUACAAAGCGCGCTT,0.0,25.0,,15919084
373,373,SM4877,CGUACGCGGAAUACUUCGATT,UCGAAGUAUUCCGCGUACGTT,95.4,25.0,,17150641
374,374,SM4885,AAACAUGCAGAAAAUGCUGTT,CAGCAUUUUCUGCAUGUUUTT,41.7,25.0,,17150641
375,375,SM4951,AAACAUGCAGAAAAUGCCUTT,CAGCAUUUUCUGCAUGUUUTT,69.7,25.0,,17924376
376,376,SM2288,AAGUAAGGACCAGAGACAA,UUGUCUCUGGUCCUUACUU,72.0,2.0,,15715458
377,377,SM2288,AAGUAAGGACCAGAGACAA,UUGUCUCUGGUCCUUACUU,50.0,0.2,,15715458
378,378,SM2291,GGGUAAAUACAUUCUUCAU,AUGAAGAAUGUAUUUACCC,64.0,2.0,,15715458
379,379,SM2291,GGGUAAAUACAUUCUUCAU,AUGAAGAAUGUAUUUACCC,50.0,0.8,,15715458
380,380,SM2952,GUAUGACCGACUACGCGUATT,UUCAGUGUGAUGACACUUGTT,95.0,10.0,,19917641
381,381,SM2952,GUAUGACCGACUACGCGUATT,UUCAGUGUGAUGACACUUGTT,50.0,0.12,,19917641
384,384,SM4856,CGUACGCGGAAUACUUCGATT,UCGAAGUAUUCCGCGUACGTT,50.0,0.1,,15919084
